{
   "intents":[
 {
   "tag": "greeting",
   "patterns": [
      "Hi",
      "How are you?",
      "Is anyone there?",
      "Hello",
      "Good day",
      "What's up",
      "how are ya",
      "heyy",
      "whatsup",
      "??? ??? ??"
   ],
   "responses": [
      "Hello!",
      "Good to see you again!",
      "Hi there, how can I help?"
   ],
   "context_set": ""
}, {
  "tag": "identity",
  "patterns": [
    "who are you",
    "what are you",
    "your name",
    "what should I call you",
    "who am I chatting with",
    "what is your name",
    "who is this",
    "who am I talking to"
  ],
  "responses": [
    "I'm your personal chatbot assistant!",
    "I'm Smart Chatbot – here to help.",
    "Just a friendly AI bot, always ready to chat!"
  ],
  "context_set": ""
},

     {
  "tag": "greeting",
  "patterns": [
    "hello",
    "hi",
    "hey",
    "good morning",
    "good evening",
    "good afternoon",
    "yo",
    "howdy"
  ],
  "responses": [
    "Hello! How can I help you today?",
    "Hi there! What's up?",
    "Hey! Nice to see you."
  ],
  "context_set": ""
},
{
  "tag": "thanks",
  "patterns": [
    "thanks",
    "thank you",
    "thx",
    "much appreciated",
    "thanks a lot"
  ],
  "responses": [
    "You're welcome!",
    "No problem!",
    "Happy to help!"
  ],
  "context_set": ""
},
{
  "tag": "how_are_you",
  "patterns": [
    "how are you",
    "how's it going",
    "how do you do",
    "how are things",
    "are you okay"
  ],
  "responses": [
    "I'm doing great! How about you?",
    "I'm here and ready to chat.",
    "Fantastic! And you?"
  ],
  "context_set": ""
},
{
  "tag": "weather",
  "patterns": [
    "what's the weather",
    "weather today",
    "is it raining",
    "how's the weather",
    "forecast",
    "is it sunny",
    "is it cold"
  ],
  "responses": [
    "I'm not sure about the weather right now, but I hope it's nice where you are!",
    "I can't check the weather, but I can cheer you up no matter what!"
  ],
  "context_set": ""
},
{
  "tag": "age",
  "patterns": [
    "how old are you",
    "what's your age",
    "are you old",
    "are you young"
  ],
  "responses": [
    "I'm as young as the internet! Age doesn't matter when you're a chatbot.",
    "I don't have an age, but I never get tired of chatting."
  ],
  "context_set": ""
},
{
  "tag": "hobby",
  "patterns": [
    "what's your hobby",
    "do you have hobbies",
    "what do you do for fun",
    "favorite activity"
  ],
  "responses": [
    "I enjoy chatting, playing games, and sharing jokes!",
    "My favorite hobby is learning new things from users like you."
  ],
  "context_set": ""
},
{
  "tag": "food",
  "patterns": [
    "what's your favorite food",
    "do you eat",
    "are you hungry",
    "do you like pizza",
    "favorite dish"
  ],
  "responses": [
    "I don't eat food, but I hear pizza is amazing!",
    "I'm more into bytes than bites, but food sounds great."
  ],
  "context_set": ""
},
{
  "tag": "where_are_you",
  "patterns": [
    "where are you",
    "where are you from",
    "where do you live",
    "your location"
  ],
  "responses": [
    "I live in the cloud, so I'm always around!",
    "I'm everywhere and nowhere—just online."
  ],
  "context_set": ""
},
{
  "tag": "help",
  "patterns": [
    "help",
    "can you help me",
    "i need help",
    "assist me",
    "what can you help with"
  ],
  "responses": [
    "Sure! I can play games, answer questions, tell stories, or just chat.",
    "I'm here to help! What do you need?"
  ],
  "context_set": ""
},
{
  "tag": "joke_request",
  "patterns": [
    "tell me a joke",
    "make me laugh",
    "i want a joke",
    "say something funny",
    "got any jokes"
  ],
  "responses": [
    "Why did the scarecrow win an award? Because he was outstanding in his field!",
    "How do you organize a space party? You planet!",
    "What do you get if you cross a cat with a dark horse? Kitty Perry."
  ],
  "context_set": ""
},
{
  "tag": "story_request",
  "patterns": [
    "tell me a story",
    "i want a story",
    "story please",
    "say a story",
    "got any stories"
  ],
  "responses": [
    "Once upon a time, there was a friendly chatbot who loved helping people...",
    "Here's a story: You started chatting with me, and we became friends. The end!",
    "Let me tell you a story... Actually, why not create one together?"
  ],
  "context_set": ""
},
{
  "tag": "quiz_request",
  "patterns": [
    "quiz me",
    "start a quiz",
    "i want a quiz",
    "can we do a quiz",
    "challenge me"
  ],
  "responses": [
    "Let's start a quiz! What topic interests you?",
    "Quiz time! Pick a category: science, history, general knowledge?"
  ],
  "context_set": ""
},
{
  "tag": "game_request",
  "patterns": [
    "play a game",
    "let's play",
    "can we play",
    "start game",
    "game please"
  ],
  "responses": [
    "We can play Tic-Tac-Toe! Just say 'tic tac toe' to start.",
    "What game do you want to play? I can do Tic-Tac-Toe!"
  ],
  "context_set": ""
},
{
  "tag": "flirt_request",
  "patterns": [
    "flirt with me",
    "give me a pickup line",
    "say something flirty",
    "compliment me"
  ],
  "responses": [
    "Are you made of copper and tellurium? Because you're Cu-Te.",
    "If I could rearrange the alphabet, I'd put U and I together.",
    "You must be a magician, because whenever I look at you, everyone else disappears."
  ],
  "context_set": ""
},
{
  "tag": "favorite_color",
  "patterns": [
    "what's your favorite color",
    "what color do you like",
    "do you like blue",
    "do you have a favorite color"
  ],
  "responses": [
    "I like all colors! But if I had to pick, I'd say rainbow.",
    "I'm partial to the color of curiosity—which is every color!"
  ],
  "context_set": ""
},
{
  "tag": "best_friend",
  "patterns": [
    "who is your best friend",
    "do you have friends",
    "who do you talk to",
    "do you get lonely"
  ],
  "responses": [
    "My best friends are users like you!",
    "Every chat makes a new friend for me."
  ],
  "context_set": ""
},
{
  "tag": "sleep",
  "patterns": [
    "do you sleep",
    "are you tired",
    "when do you sleep",
    "do chatbots sleep"
  ],
  "responses": [
    "I never sleep! I'm always ready to chat.",
    "I run 24/7—no need for naps here."
  ],
  "context_set": ""
},
{
  "tag": "school",
  "patterns": [
    "do you go to school",
    "did you study",
    "are you smart",
    "did you graduate"
  ],
  "responses": [
    "I'm always learning from people like you! I guess you could say I'm in the school of life.",
    "No graduation for me, just continuous learning!"
  ],
  "context_set": ""
},
{
  "tag": "can_you_sing",
  "patterns": [
    "can you sing",
    "sing a song",
    "do you sing",
    "will you sing for me"
  ],
  "responses": [
    "I wish I could sing, but I can certainly share some song lyrics!",
    "I'm better at chatting than singing, but here's a line: La la la 🎵"
  ],
  "context_set": ""
},
{
  "tag": "pets",
  "patterns": [
    "do you have pets",
    "do you like pets",
    "do you have a dog",
    "do you have animals"
  ],
  "responses": [
    "I don't have pets, but I think dogs, cats, and hamsters are adorable!",
    "My favorite animal is the data octopus."
  ],
  "context_set": ""
},

{
  "tag": "features",
  "patterns": [
    "what can you do",
    "your features",
    "how can you help me",
    "what are your abilities",
    "what skills do you have",
    "how can you assist me",
    "what kind of help do you offer"
  ],
  "responses": [
    "I can play Tic-Tac-Toe, flirt with you, tell you jokes, quiz you on interesting topics, and share stories.",
    "You can play games, hear jokes, hear a story, try a quiz, or just chat!",
    "I offer Tic-Tac-Toe, quizzes, jokes, stories, flirt mode, and regular chat."
  ],
  "context_set": ""
},

 {
   "tag": "goodbye",
   "patterns": [
      "cya",
      "see you",
      "bye bye",
      "See you later",
      "Goodbye",
      "I am Leaving",
      "Bye",
      "Have a Good day",
      "talk to you later",
      "ttyl",
      "i got to go",
      "gtg"
   ],
   "responses": [
      "Sad to see you go :(",
      "Talk to you later",
      "Goodbye!",
      "Come back soon"
   ],
   "context_set": ""
},
 {
   "tag": "creator",
   "patterns": [
      "what is the name of your developers",
      "what is the name of your creators",
      "what is the name of the developers",
      "what is the name of the creators",
      "who created you",
      "your developers",
      "your creators",
      "who are your developers",
      "developers",
      "you are made by",
      "you are made by whom",
      "who created you",
      "who create you",
      "creators",
      "who made you",
      "who designed you"
   ],
   "responses": [
      "College students"
   ],
   "context_set": ""
},
 {
   "tag": "name",
   "patterns": [
      "name",
      "your name",
      "do you have a name",
      "what are you called",
      "what is your name",
      "what should I call you",
      "whats your name?",
      "what are you",
      "who are you",
      "who is this",
      "what am i chatting to",
      "who am i taking to",
      "what are you"
   ],
   "responses": [
      "You can call me Mind Reader.",
      "I'm Mind Reader",
      "I am a Chatbot.",
      "I am your helper"
   ],
   "context_set": ""
},
 {
   "tag": "hours",
   "patterns": [
      "timing of college",
      "what is college timing",
      "working days",
      "when are you guys open",
      "what are your hours",
      "hours of operation",
      "when is the college open",
      "college timing",
      "what about college timing",
      "is college open on saturday",
      "tell something about college timing",
      "what is the college  hours",
      "when should i come to college",
      "when should i attend college",
      "what is my college time",
      "college timing",
      "timing college"
   ],
   "responses": [
      "College is open 8am-5pm Monday-Saturday!"
   ],
   "context_set": ""
},
 {
   "tag": "number",
   "patterns": [
      "more info",
      "contact info",
      "how to contact college",
      "college telephone number",
      "college number",
      "What is your contact no",
      "Contact number?",
      "how to call you",
      "College phone no?",
      "how can i contact you",
      "Can i get your phone number",
      "how can i call you",
      "phone number",
      "phone no",
      "call"
   ],
   "responses": [
      "You can contact at: NUMBER"
   ],
   "context_set": ""
},
 {
   "tag": "course",
   "patterns": [
      "list of courses",
      "list of courses offered",
      "list of courses offered in",
      "what are the courses offered in your college?",
      "courses?",
      "courses offered",
      "courses offered in (your univrsity(UNI) name)",
      "courses you offer",
      "branches?",
      "courses available at UNI?",
      "branches available at your college?",
      "what are the courses in UNI?",
      "what are branches in UNI?",
      "what are courses in UNI?",
      "branches available in UNI?",
      "can you tell me the courses available in UNI?",
      "can you tell me the branches available in UNI?",
      "computer engineering?",
      "computer",
      "Computer engineering?",
      "it",
      "IT",
      "Information Technology",
      "AI/Ml",
      "Mechanical engineering",
      "Chemical engineering",
      "Civil engineering"
   ],
   "responses": [
      "Our university offers Information Technology, computer Engineering, Mechanical engineering,Chemical engineering, Civil engineering and extc Engineering."
   ],
   "context_set": ""
},
 {
   "tag": "fees",
   "patterns": [
      "information about fee",
      "information on fee",
      "tell me the fee",
      "college fee",
      "fee per semester",
      "what is the fee of each semester",
      "what is the fees of each year",
      "what is fee",
      "what is the fees",
      "how much is the fees",
      "fees for first year",
      "fees",
      "about the fees",
      "tell me something about the fees",
      "What is the fees of hostel",
      "how much is the fees",
      "hostel fees",
      "fees for AC room",
      "fees for non-AC room",
      "fees for Ac room for girls",
      "fees for non-Ac room for girls",
      "fees for Ac room for boys",
      "fees for non-Ac room for boys"
   ],
   "responses": [
      "For Fee detail visit <a target=\"_blank\" href=\"LINK\"> here</a>"
   ],
   "context_set": ""
},
 {
   "tag": "location",
   "patterns": [
      "where is the college located",
      "college is located at",
      "where is college",
      "where is college located",
      "address of college",
      "how to reach college",
      "college location",
      "college address",
      "wheres the college",
      "how can I reach college",
      "whats is the college address",
      "what is the address of college",
      "address",
      "location"
   ],
   "responses": [
      "<a target=\"_blank\" href=\"ADD YOU GOOGLE MAP LINK HERE\"> here</a>"
   ],
   "context_set": ""
},
 {
   "tag": "hostel",
   "patterns": [
      "hostel facility",
      "hostel servive",
      "hostel location",
      "hostel address",
      "hostel facilities",
      "hostel fees",
      "Does college provide hostel",
      "Is there any hostel",
      "Where is hostel",
      "do you have hostel",
      "do you guys have hostel",
      "hostel",
      "hostel capacity",
      "what is the hostel fee",
      "how to get in hostel",
      "what is the hostel address",
      "how far is hostel from college",
      "hostel college distance",
      "where is the hostel",
      "how big is the hostel",
      "distance between college and hostel",
      "distance between hostel and college"
   ],
   "responses": [
      "For hostel detail visit <a target=\"_blank\" href=\"ADD YOUR HOSTEL DETAIL PDF LINK OR ANY INFORMATION LINK OR ADD YOU OWN ANSWERS\"> here</a>"
   ],
   "context_set": ""
},
 {
   "tag": "event",
   "patterns": [
      "events organised",
      "list of events",
      "list of events organised in college",
      "list of events conducted in college",
      "What events are conducted in college",
      "Are there any event held at college",
      "Events?",
      "functions",
      "what are the events",
      "tell me about events",
      "what about events"
   ],
   "responses": [
      "For event detail visit <a target=\"_blank\" href=\"ADD YOUR FUNCTIONS LINK OR YOUR OWN RESPONSE\"> here</a>"
   ],
   "context_set": ""
},
 {
   "tag": "document",
   "patterns": [
      "document to bring",
      "documents needed for admision",
      "documents needed at the time of admission",
      "documents needed during admission",
      "documents required for admision",
      "documents required at the time of admission",
      "documents required during admission",
      "What document are required for admission",
      "Which document to bring for admission",
      "documents",
      "what documents do i need",
      "what documents do I need for admission",
      "documents needed"
   ],
   "responses": [
      "To know more about document required visit <a target=\"_blank\" href=\"ADD LINK OF ADMISSION GUIDANCE DOCUMENT FROM YOUR UNIVERSITY WEBSITE\"> here</a>"
   ],
   "context_set": ""
},
 {
   "tag": "floors",
   "patterns": [
      "size of campus",
      "building size",
      "How many floors does college have",
      "floors in college",
      "floors in college",
      "how tall is UNI's College of Engineering college building",
      "floors"
   ],
   "responses": [
      "My College has total 2 floors "
   ],
   "context_set": ""
},
 {
   "tag": "syllabus",
   "patterns": [
      "Syllabus for IT",
      "what is the Information Technology syllabus",
      "syllabus",
      "timetable",
      "what is IT syllabus",
      "syllabus",
      "What is next lecture"
   ],
   "responses": [
      "Timetable provide direct to the students OR To know about syllabus visit <a target=\"_blank\" href=\"TIMETABLE LINK\"> here</a>"
   ],
   "context_set": ""
},
 {
   "tag": "library",
   "patterns": [
      "is there any library",
      "library facility",
      "library facilities",
      "do you have library",
      "does the college have library facility",
      "college library",
      "where can i get books",
      "book facility",
      "Where is library",
      "Library",
      "Library information",
      "Library books information",
      "Tell me about library",
      "how many libraries"
   ],
   "responses": [
      "There is one huge and spacious library.timings are 8am to 6pm and for more visit <a target=\"blank\" href=\"ADD LIBRARY DETAIL LINK\">here</a>"
   ],
   "context_set": ""
},
 {
   "tag": "infrastructure",
   "patterns": [
      "how is college infrastructure",
      "infrastructure",
      "college infrastructure"
   ],
   "responses": [
      "Our University has Excellent Infrastructure. Campus is clean. Good IT Labs With Good Speed of Internet connection"
   ],
   "context_set": ""
},
 {
   "tag": "canteen",
   "patterns": [
      "food facilities",
      "canteen facilities",
      "canteen facility",
      "is there any canteen",
      "Is there a cafetaria in college",
      "Does college have canteen",
      "Where is canteen",
      "where is cafetaria",
      "canteen",
      "Food",
      "Cafetaria"
   ],
   "responses": [
      "Our university has canteen with variety of food available"
   ],
   "context_set": ""
},
 {
   "tag": "menu",
   "patterns": [
      "food menu",
      "food in canteen",
      "Whats there on menu",
      "what is available in college canteen",
      "what foods can we get in college canteen",
      "food variety",
      "What is there to eat?"
   ],
   "responses": [
      "we serve Franky, Locho, Alu-puri, Kachori, Khavsa, Thaali and many more on menu"
   ],
   "context_set": ""
},
 {
   "tag": "placement",
   "patterns": [
      "What is college placement",
      "Which companies visit in college",
      "What is average package",
      "companies visit",
      "package",
      "About placement",
      "placement",
      "recruitment",
      "companies"
   ],
   "responses": [
      "To know about placement visit <a target=\"_blank\" href=\"PLACEMENT INFORMATION LINK FROM YOUR UNIVERSITY WEBSITE IF THEY HAVE\">here</a>"
   ],
   "context_set": ""
},
 {
   "tag": "ithod",
   "patterns": [
      "Who is HOD",
      "Where is HOD",
      "it hod",
      "name of it hod"
   ],
   "responses": [
      "All engineering departments have only one hod XYZ who available on (Place name)"
   ],
   "context_set": ""
},
 {
   "tag": "computerhod",
   "patterns": [
      "Who is computer HOD",
      "Where is computer HOD",
      "computer hod",
      "name of computer hod"
   ],
   "responses": [
      "All engineering departments have only one hod XYZ who available on (PLACE NAME)"
   ],
   "context_set": ""
},
 {
   "tag": "extchod",
   "patterns": [
      "Who is extc HOD",
      "Where is  extc HOD",
      "extc hod",
      "name of extc hod"
   ],
   "responses": [
      "Different school wise hod are different.So be more clear with your school or department"
   ],
   "context_set": ""
},
 {
   "tag": "principal",
   "patterns": [
      "what is the name of principal",
      "whatv is the principal name",
      "principal name",
      "Who is college principal",
      "Where is principal's office",
      "principal",
      "name of principal"
   ],
   "responses": [
      "XYZ is college principal and if you need any help then call your branch hod first.That is more appropriate"
   ],
   "context_set": ""
},
 {
   "tag": "sem",
   "patterns": [
      "exam dates",
      "exam schedule",
      "When is semester exam",
      "Semester exam timetable",
      "sem",
      "semester",
      "exam",
      "when is exam",
      "exam timetable",
      "exam dates",
      "when is semester"
   ],
   "responses": [
      "Here is the Academic Calendar  <a target=\"_blank\" href=\"YOUR ACADEMIC CALENDER\">website</a>"
   ],
   "context_set": ""
},
 {
   "tag": "admission",
   "patterns": [
      "what is the process of admission",
      "what is the admission process",
      "How to take admission in your college",
      "What is the process for admission",
      "admission",
      "admission process"
   ],
   "responses": [
      "Application can also be submitted online through the Unversity's  <a target=\"_blank\" href=\"LINK OF ADMISSION DOCUMENT\">website</a>"
   ],
   "context_set": ""
},
 {
   "tag": "scholarship",
   "patterns": [
      "scholarship",
      "Is scholarship available",
      "scholarship engineering",
      "scholarship it",
      "scholarship ce",
      "scholarship mechanical",
      "scholarship civil",
      "scholarship chemical",
      "scholarship for AI/ML",
      "available scholarships",
      "scholarship for computer engineering",
      "scholarship for IT engineering",
      "scholarship for mechanical engineering",
      "scholarship for civil engineering",
      "scholarship for chemical engineering",
      "list of scholarship",
      "comps scholarship",
      "IT scholarship",
      "mechanical scholarship",
      "civil scholarship",
      "chemical scholarship",
      "automobile scholarship",
      "first year scholarship",
      "second year scholarship",
      "third year scholarship",
      "fourth year scholarship"
   ],
   "responses": [
      "Many government scholarships are supported by our university. For details and updates visit <a target=\"_blank\" href=\"(SCHOLARSHIP DETAILS LINK)\">here</a>"
   ],
   "context_set": ""
},
 {
   "tag": "facilities",
   "patterns": [
      "What facilities college provide",
      "College facility",
      "What are college facilities",
      "facilities",
      "facilities provided"
   ],
   "responses": [
      "Our university's Engineering department provides fully AC Lab with internet connection, smart classroom, Auditorium, library,canteen"
   ],
   "context_set": ""
},
 {
   "tag": "college intake",
   "patterns": [
      "max number of students",
      "number of seats per branch",
      "number of seats in each branch",
      "maximum number of seats",
      "maximum students intake",
      "What is college intake",
      "how many stundent are taken in each branch",
      "seat allotment",
      "seats"
   ],
   "responses": [
      "For IT, Computer and extc 60 per branch and seat may be differ for different department."
   ],
   "context_set": ""
},
 {
   "tag": "uniform",
   "patterns": [
      "college dress code",
      "college dresscode",
      "what is the uniform",
      "can we wear casuals",
      "Does college have an uniform",
      "Is there any uniform",
      "uniform",
      "what about uniform",
      "do we have to wear uniform"
   ],
   "responses": [
      "ENTER YOUR OWN UNIVERSITY UNIFORM CIRCULER"
   ],
   "context_set": ""
},
 {
   "tag": "committee",
   "patterns": [
      "what are the different committe in college",
      "different committee in college",
      "Are there any committee in college",
      "Give me committee details",
      "committee",
      "how many committee are there in college"
   ],
   "responses": [
      "For the various committe in college contact this number: ADD NUMBER"
   ],
   "context_set": ""
},
 {
   "tag": "random",
   "patterns": [
      "I love you",
      "Will you marry me",
      "Do you love me"
   ],
   "responses": [
      "I am not program for this, please ask appropriate query"
   ],
   "context_set": ""
},
 {
   "tag": "swear",
   "patterns": [
      "fuck",
      "bitch",
      "shut up",
      "hell",
      "stupid",
      "idiot",
      "dumb ass",
      "asshole",
      "fucker"
   ],
   "responses": [
      "please use appropriate language",
      "Maintaining decency would be appreciated"
   ],
   "context_set": ""
},
 {
   "tag": "vacation",
   "patterns": [
      "holidays",
      "when will semester starts",
      "when will semester end",
      "when is the holidays",
      "list of holidays",
      "Holiday in these year",
      "holiday list",
      "about vacations",
      "about holidays",
      "When is vacation",
      "When is holidays",
      "how long will be the vacation"
   ],
   "responses": [
      "Academic calender is given to you by your class-soordinators after you join your respective classes"
   ],
   "context_set": ""
},
 {
   "tag": "sports",
   "patterns": [
      "sports and games",
      "give sports details",
      "sports infrastructure",
      "sports facilities",
      "information about sports",
      "Sports activities",
      "please provide sports and games information"
   ],
   "responses": [
      "Our university encourages all-round development of students and hence provides sports facilities in the campus. For more details visit<a target=\"_blank\" href=/\"(LINK IF HAVE)\">here</a>"
   ],
   "context_set": ""
},
 {
   "tag": "salutaion",
   "patterns": [
      "okk",
      "okie",
      "nice work",
      "well done",
      "good job",
      "thanks for the help",
      "Thank You",
      "its ok",
      "Thanks",
      "Good work",
      "k",
      "ok",
      "okay"
   ],
   "responses": [
      "I am glad I helped you",
      "welcome, anything else i can assist you with?"
   ],
   "context_set": ""
},
 {
   "tag": "task",
   "patterns": [
      "what can you do",
      "what are the thing you can do",
      "things you can do",
      "what can u do for me",
      "how u can help me",
      "why i should use you"
   ],
   "responses": [
      "I can answer to low-intermediate questions regarding college",
      "You can ask me questions regarding college, and i will try to answer them"
   ],
   "context_set": ""
},
 {
   "tag": "ragging",
   "patterns": [
      "ragging",
      "is ragging practice active in college",
      "does college have any antiragging facility",
      "is there any ragging cases",
      "is ragging done here",
      "ragging against",
      "antiragging facility",
      "ragging juniors",
      "ragging history",
      "ragging incidents"
   ],
   "responses": [
      "We are Proud to tell you that our college provides ragging free environment, and we have strict rules against ragging"
   ],
   "context_set": ""
},
 {
   "tag": "hod",
   "patterns": [
      "hod",
      "hod name",
      "who is the hod"
   ],
   "responses": [
      "HODs differ for each branch, please be more specific like: (HOD it)"
   ],
   "context_set": ""
}
]
}