[
    {
        "category": "Entertainment: Cartoon & Animations",
        "difficulty": "easy",
        "question": "Who voices for Ruby in the animated series RWBY?",
        "options": [
            "Tara Strong",
            "Hayden Panettiere",
            "Lindsay Jones",
            "Jessica Nigri"
        ],
        "answer": "Lindsay Jones"
    },
    {
        "category": "Entertainment: Cartoon & Animations",
        "difficulty": "easy",
        "question": "Which of the following did not feature in the cartoon 'Wacky Races'?",
        "options": [
            "The Dragon Wagon",
            "The Compact Pussycat",
            "The Crimson Haybailer",
            "The Bouldermobile"
        ],
        "answer": "The Dragon Wagon"
    },
    {
        "category": "Entertainment: Cartoon & Animations",
        "difficulty": "easy",
        "question": "In the show \"Steven Universe\", who are the main two employees of The Big Donut?",
        "options": [
            "Sadie and Lars",
            "Bob and May",
            "Steven and James",
            "Erik and Julie"
        ],
        "answer": "Sadie and Lars"
    },
    {
        "category": "Entertainment: Cartoon & Animations",
        "difficulty": "easy",
        "question": "In South Park, what is Stan's surname?",
        "options": [
            "Marsh",
            "Stotch",
            "Tweak",
            "Broflovski"
        ],
        "answer": "Marsh"
    },
    {
        "category": "Entertainment: Cartoon & Animations",
        "difficulty": "easy",
        "question": "In the 1993 Disney animated series \"Bonkers\", what is the name of Bonker's second partner?",
        "options": [
            "Miranda Wright",
            "Dr. Ludwig von Drake",
            "Eddie Valiant",
            "Dick Tracy"
        ],
        "answer": "Miranda Wright"
    },
    {
        "category": "Entertainment: Cartoon & Animations",
        "difficulty": "easy",
        "question": "The song 'Little April Shower' features in which Disney cartoon film?",
        "options": [
            "The Jungle Book",
            "Bambi",
            "Pinocchio",
            "Cinderella"
        ],
        "answer": "Bambi"
    },
    {
        "category": "Entertainment: Cartoon & Animations",
        "difficulty": "easy",
        "question": "Which of these characters from \"SpongeBob SquarePants\" is not a squid?",
        "options": [
            "Squidward",
            "Orvillie",
            "Squidette",
            "Gary"
        ],
        "answer": "Gary"
    },
    {
        "category": "Entertainment: Cartoon & Animations",
        "difficulty": "easy",
        "question": "Who is Winnie the Pooh's gloomy donkey friend?",
        "options": [
            "Eeyore",
            "Kanga",
            "Piglet",
            "Tigger"
        ],
        "answer": "Eeyore"
    },
    {
        "category": "Entertainment: Cartoon & Animations",
        "difficulty": "easy",
        "question": "Which 'Family Guy' character got his own spin-off show in 2009?",
        "options": [
            "Glenn Quagmire",
            "The Greased-up Deaf Guy",
            "Cleveland Brown",
            "Joe Swanson"
        ],
        "answer": "Cleveland Brown"
    },
    {
        "category": "Entertainment: Cartoon & Animations",
        "difficulty": "easy",
        "question": "In The Simpsons, which war did Seymour Skinner serve in the USA Army as a Green Beret?",
        "options": [
            "World War 2",
            "Vietnam War",
            "Cold War",
            "World War 1"
        ],
        "answer": "Vietnam War"
    },
    {
        "category": "Entertainment: Cartoon & Animations",
        "difficulty": "easy",
        "question": "Which of these is NOT a Disney cartoon character?",
        "options": [
            "Donald Duck",
            "Scrooge McDuck",
            "Daisy Duck",
            "Daffy Duck"
        ],
        "answer": "Daffy Duck"
    },
    {
        "category": "Entertainment: Cartoon & Animations",
        "difficulty": "easy",
        "question": "What is the relationship between Rick and Morty in the show \"Rick and Morty\"?",
        "options": [
            "Grandfather and Grandson",
            "Best Friends",
            "Father and Son",
            "Crimefighting Partners"
        ],
        "answer": "Grandfather and Grandson"
    },
    {
        "category": "Entertainment: Cartoon & Animations",
        "difficulty": "easy",
        "question": "Who is the only voice actor to have a speaking part in all of the Disney Pixar feature films? ",
        "options": [
            "Tom Hanks",
            "Geoffrey Rush",
            "Dave Foley",
            "John Ratzenberger"
        ],
        "answer": "John Ratzenberger"
    },
    {
        "category": "Entertainment: Cartoon & Animations",
        "difficulty": "easy",
        "question": "Which of these characters live in a pineapple under the sea in the cartoon \"SpongeBob SquarePants\".",
        "options": [
            "Squidward Tentacles",
            "Mr. Krabs",
            "SpongeBob SquarePants ",
            "Patrick Star"
        ],
        "answer": "SpongeBob SquarePants "
    },
    {
        "category": "Entertainment: Cartoon & Animations",
        "difficulty": "easy",
        "question": "Which Teenage Mutant Ninja Turtle traditionally wears an orange bandana?",
        "options": [
            "Raphael",
            "Michelangelo",
            "Leonardo",
            "Donatello"
        ],
        "answer": "Michelangelo"
    },
    {
        "category": "Entertainment: Cartoon & Animations",
        "difficulty": "medium",
        "question": "In the show \"Fat Albert and the Cosby Kids\", what is the name of the characters' fictional gang?",
        "options": [
            "The Junkyard Gang",
            "The Rotten Posse",
            "The Trash Troupe",
            "The Scrapyard Seven"
        ],
        "answer": "The Junkyard Gang"
    },
    {
        "category": "Entertainment: Cartoon & Animations",
        "difficulty": "medium",
        "question": "Which Hanna-Barbera cartoon character travelled with a canine companion named Beegle Beagle?",
        "options": [
            "Wally Gator",
            "Grape Ape",
            "Boss Gator",
            "Yogi Bear"
        ],
        "answer": "Grape Ape"
    },
    {
        "category": "Entertainment: Cartoon & Animations",
        "difficulty": "medium",
        "question": "What is Dipper's real name from \"Gravity Falls\"?",
        "options": [
            "Mable Pines",
            "Mark Pines",
            "Jason Pines",
            "Mason Pines"
        ],
        "answer": "Mason Pines"
    },
    {
        "category": "Entertainment: Cartoon & Animations",
        "difficulty": "medium",
        "question": "What was the number on Gerald's shirt in \"Hey Arnold!\"?",
        "options": [
            "33",
            "88",
            "83",
            "38"
        ],
        "answer": "33"
    },
    {
        "category": "Entertainment: Cartoon & Animations",
        "difficulty": "medium",
        "question": "What is Scooby-Doo's real name?",
        "options": [
            "Scrappy",
            "Scoobert",
            "Shooby",
            "Scooter"
        ],
        "answer": "Scoobert"
    },
    {
        "category": "Entertainment: Cartoon & Animations",
        "difficulty": "medium",
        "question": "Which episode from The Amazing World Of Gumball won the Childrens Choice Award at the British Animation Awards in 2016?",
        "options": [
            "The Limit",
            "The Gripes",
            "The Shell",
            "The Kids"
        ],
        "answer": "The Shell"
    },
    {
        "category": "Entertainment: Cartoon & Animations",
        "difficulty": "medium",
        "question": "In the animated series RWBY, what is the name of the weapon used by Weiss Schnee?",
        "options": [
            "Crescent Rose",
            "Ember Celica",
            "Myrtenaster",
            "Gambol Shroud"
        ],
        "answer": "Myrtenaster"
    },
    {
        "category": "Entertainment: Cartoon & Animations",
        "difficulty": "medium",
        "question": "Which \"Toy Story\" character was voiced by Don Rickles?",
        "options": [
            "Hamm",
            "Rex",
            "Mr. Potato Head",
            "Slinky Dog"
        ],
        "answer": "Mr. Potato Head"
    },
    {
        "category": "Entertainment: Cartoon & Animations",
        "difficulty": "medium",
        "question": "What animated internet character is known to answer emails with his boxing gloves?",
        "options": [
            "Strong Glad",
            "Strong Mad",
            "Strong Bad",
            "Strong Sad"
        ],
        "answer": "Strong Bad"
    },
    {
        "category": "Entertainment: Cartoon & Animations",
        "difficulty": "medium",
        "question": "Adam West was the mayor of which cartoon town?",
        "options": [
            "Quahog",
            "South Park",
            "Langley Falls",
            "Springfield"
        ],
        "answer": "Quahog"
    },
    {
        "category": "Entertainment: Cartoon & Animations",
        "difficulty": "medium",
        "question": "What ability does Princess Sofia the First have from her amulet that allows her to breathe underwater?",
        "options": [
            "Mermaid Transformation",
            "Bubble Head",
            "Bubble Shield",
            "Artificial Gills"
        ],
        "answer": "Mermaid Transformation"
    },
    {
        "category": "Entertainment: Cartoon & Animations",
        "difficulty": "medium",
        "question": "The stop motion comedy show \"Robot Chicken\" was created by which of the following?",
        "options": [
            "Seth Rogen",
            "Seth MacFarlane",
            "Seth Green",
            "Seth Rollins"
        ],
        "answer": "Seth Green"
    },
    {
        "category": "Entertainment: Cartoon & Animations",
        "difficulty": "medium",
        "question": "Nickelodeon is owned by what parent company?",
        "options": [
            "ABC",
            "FOX",
            "Viacom",
            "CBS"
        ],
        "answer": "Viacom"
    },
    {
        "category": "Entertainment: Cartoon & Animations",
        "difficulty": "medium",
        "question": "In \"The Simpsons\", where did Homer and Marge first meet?",
        "options": [
            "At Church",
            "At 742 Evergreen Terrace",
            "At High School",
            "At Summer Camp"
        ],
        "answer": "At Summer Camp"
    },
    {
        "category": "Entertainment: Cartoon & Animations",
        "difficulty": "medium",
        "question": "What is the cartoon character, Andy Capp, known as in Germany?",
        "options": [
            "Rod Tapper",
            "Dick Tingeler",
            "Willi Wakker",
            "Helmut Schmacker"
        ],
        "answer": "Willi Wakker"
    },
    {
        "category": "Entertainment: Cartoon & Animations",
        "difficulty": "hard",
        "question": "Which cartoon family lives in 31 Spooner Street, Quahog, Rhode Island USA?",
        "options": [
            "The Jetsons",
            "The Hills",
            "The Griffins",
            "The Simpsons"
        ],
        "answer": "The Griffins"
    },
    {
        "category": "Entertainment: Cartoon & Animations",
        "difficulty": "hard",
        "question": "Who voice acted the character Hiccup in the movie \"How to Train Your Dragon\"?",
        "options": [
            "John Powell",
            "Jay Baruchel",
            "Gerard Butler",
            "Jack Brauchel"
        ],
        "answer": "Jay Baruchel"
    },
    {
        "category": "Entertainment: Cartoon & Animations",
        "difficulty": "hard",
        "question": "What was Maggie Simpson's first canonical word, not including the Tracey Ullman shorts?",
        "options": [
            "Daddy.",
            "Rusty!",
            "Ja!",
            "Sequel?"
        ],
        "answer": "Daddy."
    },
    {
        "category": "Entertainment: Cartoon & Animations",
        "difficulty": "hard",
        "question": "Who played Stan's dog in the South Park episode \"Big Gay Al's Big Gay Boat Ride\"?",
        "options": [
            "Robert Smith",
            "George Clooney",
            "Matt Stone",
            "Jay Leno"
        ],
        "answer": "George Clooney"
    },
    {
        "category": "Entertainment: Cartoon & Animations",
        "difficulty": "hard",
        "question": "In \"Rick and Morty\", from which dimension do Rick and Morty originate from?",
        "options": [
            "J1977",
            "C500-a",
            "C-136",
            "C-137"
        ],
        "answer": "C-137"
    },
    {
        "category": "Entertainment: Cartoon & Animations",
        "difficulty": "hard",
        "question": "Which of these cartoon girlfriends of popular characters first appeared before their boyfriends?",
        "options": [
            "Minnie Mouse",
            "Lola Bunny",
            "Daisy Duck",
            "Olive Oyl"
        ],
        "answer": "Olive Oyl"
    },
    {
        "category": "Entertainment: Cartoon & Animations",
        "difficulty": "hard",
        "question": "Benny, Brain, Fancy-Fancy, Spook and Choo-Choo were known associates of what Hanna Barbera cartoon character?",
        "options": [
            "Top Cat",
            "Snagglepuss",
            "Scooby-Doo",
            "Yogi Bear"
        ],
        "answer": "Top Cat"
    },
    {
        "category": "Entertainment: Cartoon & Animations",
        "difficulty": "hard",
        "question": "What was the release date of the first episode of \"The Powerpuff Girls\"?",
        "options": [
            "July 28, 2000",
            "November 18, 1998",
            "June 25, 1999",
            "April 14, 2001"
        ],
        "answer": "November 18, 1998"
    },
    {
        "category": "Entertainment: Cartoon & Animations",
        "difficulty": "hard",
        "question": "In the \"Star Wars\" universe, what species is Grand Admiral Thrawn?",
        "options": [
            "Gungans",
            "Chiss",
            "Pantorans",
            "Twi'lek"
        ],
        "answer": "Chiss"
    },
    {
        "category": "Entertainment: Cartoon & Animations",
        "difficulty": "hard",
        "question": "In \"Gravity Falls\", the character Bill Cipher remarks that \"the universe is what?\"",
        "options": [
            "Corrupting",
            "An illusion ",
            "A hologram ",
            "A simulation"
        ],
        "answer": "A hologram "
    },
    {
        "category": "Entertainment: Cartoon & Animations",
        "difficulty": "hard",
        "question": "Which of the following films was Don Bluth both the writer, director, and producer for?",
        "options": [
            "All Dogs Go To Heaven",
            "The Land Before Time",
            "Anastasia",
            "Titan A.E."
        ],
        "answer": "All Dogs Go To Heaven"
    },
    {
        "category": "Entertainment: Cartoon & Animations",
        "difficulty": "hard",
        "question": "What town was \"Springfield\" from \"The Simpsons\" originally named after?",
        "options": [
            "Springfield, Massachusetts",
            "Springfield, Oregon",
            "Springfield, Illinois",
            "Springfield, Missouri"
        ],
        "answer": "Springfield, Oregon"
    },
    {
        "category": "Entertainment: Cartoon & Animations",
        "difficulty": "hard",
        "question": "In \"Gravity Falls\", what does Quentin Trembley do when he is driven out from the White House?",
        "options": [
            "Leave in peace.",
            "Release 1,000 captive salamanders into the white house.",
            "Eat a salamander and jump out the window.",
            "Jump out the window."
        ],
        "answer": "Eat a salamander and jump out the window."
    },
    {
        "category": "Entertainment: Cartoon & Animations",
        "difficulty": "hard",
        "question": "In \"Gravity Falls\", how much does Waddles weigh when Mable wins him in \"The Time Traveler's Pig\"?",
        "options": [
            "15 pounds",
            "10 pounds",
            "30 pounds",
            "20 pounds"
        ],
        "answer": "15 pounds"
    },
    {
        "category": "Entertainment: Cartoon & Animations",
        "difficulty": "hard",
        "question": "In the web-comic Homestuck, what is the name of the game the 4 kids play?",
        "options": [
            "Homesick",
            "Sburb",
            "Hiveswap",
            "Husslie"
        ],
        "answer": "Sburb"
    }
]