[
    {
        "category": "Animals",
        "difficulty": "easy",
        "question": "A flock of crows is known as a homicide.",
        "options": [
            "True",
            "False"
        ],
        "answer": "False"
    },
    {
        "category": "Animals",
        "difficulty": "easy",
        "question": "The Axolotl is an amphibian that can spend its whole life in a larval state.",
        "options": [
            "True",
            "False"
        ],
        "answer": "True"
    },
    {
        "category": "Animals",
        "difficulty": "easy",
        "question": "Kangaroos keep food in their pouches next to their children.",
        "options": [
            "False",
            "True"
        ],
        "answer": "False"
    },
    {
        "category": "Animals",
        "difficulty": "easy",
        "question": "Rabbits are carnivores.",
        "options": [
            "False",
            "True"
        ],
        "answer": "False"
    },
    {
        "category": "Animals",
        "difficulty": "easy",
        "question": "A bear does NOT defecate during hibernation. ",
        "options": [
            "True",
            "False"
        ],
        "answer": "True"
    },
    {
        "category": "Animals",
        "difficulty": "easy",
        "question": "The Killer Whale is considered a type of dolphin.",
        "options": [
            "True",
            "False"
        ],
        "answer": "True"
    },
    {
        "category": "Animals",
        "difficulty": "easy",
        "question": "A slug\u2019s blood is green.",
        "options": [
            "True",
            "False"
        ],
        "answer": "True"
    },
    {
        "category": "Animals",
        "difficulty": "easy",
        "question": "Rabbits can see what's behind themselves without turning their heads.",
        "options": [
            "True",
            "False"
        ],
        "answer": "True"
    },
    {
        "category": "Animals",
        "difficulty": "easy",
        "question": "In 2016, the IUCN reclassified the status of Giant Pandas from endangered to vulnerable.",
        "options": [
            "True",
            "False"
        ],
        "answer": "True"
    },
    {
        "category": "Animals",
        "difficulty": "easy",
        "question": "Rabbits can't vomit.",
        "options": [
            "False",
            "True"
        ],
        "answer": "True"
    },
    {
        "category": "Animals",
        "difficulty": "easy",
        "question": "The freshwater amphibian, the Axolotl, can regrow it's limbs.",
        "options": [
            "False",
            "True"
        ],
        "answer": "True"
    },
    {
        "category": "Animals",
        "difficulty": "easy",
        "question": "Zebras are white with black stripes.",
        "options": [
            "False",
            "True"
        ],
        "answer": "False"
    },
    {
        "category": "Animals",
        "difficulty": "easy",
        "question": "A caterpillar has more muscles than humans do.",
        "options": [
            "False",
            "True"
        ],
        "answer": "True"
    },
    {
        "category": "Animals",
        "difficulty": "easy",
        "question": "Cats have whiskers under their legs.",
        "options": [
            "True",
            "False"
        ],
        "answer": "True"
    },
    {
        "category": "Animals",
        "difficulty": "easy",
        "question": "Rabbits are rodents.",
        "options": [
            "False",
            "True"
        ],
        "answer": "False"
    },
    {
        "category": "Animals",
        "difficulty": "medium",
        "question": "What are the scales on all snakes and most lizards are made of?",
        "options": [
            "Keratin",
            "Epidermis",
            "Ecdysis",
            "Ankyloglossia"
        ],
        "answer": "Keratin"
    },
    {
        "category": "Animals",
        "difficulty": "medium",
        "question": "What does \"hippopotamus\" mean and in what langauge?",
        "options": [
            "River Horse (Greek)",
            "River Horse (Latin)",
            "Fat Pig (Greek)",
            "Fat Pig (Latin)"
        ],
        "answer": "River Horse (Greek)"
    },
    {
        "category": "Animals",
        "difficulty": "medium",
        "question": "What color/colour is a polar bear's skin?",
        "options": [
            "White",
            "Pink",
            "Black",
            "Green"
        ],
        "answer": "Black"
    },
    {
        "category": "Animals",
        "difficulty": "medium",
        "question": "Which of these species is not extinct?",
        "options": [
            "Saudi gazelle",
            "Komodo dragon",
            "Tasmanian tiger",
            "Japanese sea lion"
        ],
        "answer": "Komodo dragon"
    },
    {
        "category": "Animals",
        "difficulty": "medium",
        "question": "What is the name of the family that the domestic cat is a member of?",
        "options": [
            "Felidae",
            "Cat",
            "Felinae",
            "Felis"
        ],
        "answer": "Felidae"
    },
    {
        "category": "Animals",
        "difficulty": "medium",
        "question": "Which of the following is NOT a venomous snake?",
        "options": [
            "Yellow bellied sea snake",
            "Malayan Krait",
            "Reticulated python",
            "Black mamba"
        ],
        "answer": "Reticulated python"
    },
    {
        "category": "Animals",
        "difficulty": "medium",
        "question": "\"Decapods\" are an order of ten-footed crustaceans.  Which of these are NOT decapods?",
        "options": [
            "Shrimp",
            "Krill",
            "Crabs",
            "Lobsters"
        ],
        "answer": "Krill"
    },
    {
        "category": "Animals",
        "difficulty": "medium",
        "question": "The dish Fugu, is made from what family of fish?",
        "options": [
            "Bass",
            "Pufferfish",
            "Mackerel",
            "Salmon"
        ],
        "answer": "Pufferfish"
    },
    {
        "category": "Animals",
        "difficulty": "medium",
        "question": "A carnivorous animal eats flesh, what does a nucivorous animal eat?",
        "options": [
            "Seaweed",
            "Nuts",
            "Nothing",
            "Fruit"
        ],
        "answer": "Nuts"
    },
    {
        "category": "Animals",
        "difficulty": "medium",
        "question": "What dog breed is one of the oldest breeds of dog and has flourished since before 400 BCE.",
        "options": [
            "Pugs",
            "Bulldogs",
            "Chihuahua",
            "Boxers"
        ],
        "answer": "Pugs"
    },
    {
        "category": "Animals",
        "difficulty": "medium",
        "question": "Cashmere is the wool from which kind of animal?",
        "options": [
            "Camel",
            "Sheep",
            "Llama",
            "Goat"
        ],
        "answer": "Goat"
    },
    {
        "category": "Animals",
        "difficulty": "medium",
        "question": "Which animal was part of an Russian domestication experiment in 1959?",
        "options": [
            "Pigeons",
            "Bears",
            "Foxes",
            "Alligators"
        ],
        "answer": "Foxes"
    },
    {
        "category": "Animals",
        "difficulty": "medium",
        "question": "What is the collective noun for rats?",
        "options": [
            "Drift",
            "Race",
            "Mischief",
            "Pack"
        ],
        "answer": "Mischief"
    },
    {
        "category": "Animals",
        "difficulty": "medium",
        "question": "The now extinct species \"Thylacine\" was native to where?",
        "options": [
            "Wallachia, Romania",
            "Tasmania, Australia",
            "Oregon, United States",
            "Baluchistan, Pakistan"
        ],
        "answer": "Tasmania, Australia"
    },
    {
        "category": "Animals",
        "difficulty": "medium",
        "question": "What is the common term for bovine spongiform encephalopathy (BSE)?",
        "options": [
            "Foot-and-mouth disease",
            "Milk fever",
            "Weil's disease",
            "Mad Cow disease"
        ],
        "answer": "Mad Cow disease"
    },
    {
        "category": "Animals",
        "difficulty": "hard",
        "question": "To which biological phylum do all mammals, birds and reptiles belong?",
        "options": [
            "Annelida",
            "Echinodermata",
            "Chordata",
            "Placazoa"
        ],
        "answer": "Chordata"
    },
    {
        "category": "Animals",
        "difficulty": "hard",
        "question": "What is the collective noun for vultures?",
        "options": [
            "Wake",
            "Building",
            "Ambush",
            "Gaze"
        ],
        "answer": "Wake"
    },
    {
        "category": "Animals",
        "difficulty": "hard",
        "question": "What scientific family does the Aardwolf belong to?",
        "options": [
            "Hyaenidae",
            "Felidae",
            "Eupleridae",
            "Canidae"
        ],
        "answer": "Hyaenidae"
    },
    {
        "category": "Animals",
        "difficulty": "hard",
        "question": "What is the scientific name of the Budgerigar?",
        "options": [
            "Pyrrhura molinae",
            "Melopsittacus undulatus",
            "Ara macao",
            "Nymphicus hollandicus"
        ],
        "answer": "Melopsittacus undulatus"
    },
    {
        "category": "Animals",
        "difficulty": "hard",
        "question": "What bird is born with claws on its wing digits?",
        "options": [
            "Cormorant",
            "Cassowary",
            "Secretary bird",
            "Hoatzin"
        ],
        "answer": "Hoatzin"
    },
    {
        "category": "Animals",
        "difficulty": "hard",
        "question": "What is the name of the copper-rich protein that creates the blue blood in the Antarctic octopus?",
        "options": [
            "Iron",
            "Cytochrome",
            "Hemocyanin",
            "Methionine"
        ],
        "answer": "Hemocyanin"
    },
    {
        "category": "Animals",
        "difficulty": "hard",
        "question": "Which of the following is another name for the \"Poecilotheria Metallica Tarantula\"?",
        "options": [
            "Silver Stripe",
            "Woebegone",
            "Gooty",
            "Hopper"
        ],
        "answer": "Gooty"
    },
    {
        "category": "Animals",
        "difficulty": "hard",
        "question": "Which species of Brown Bear is not extinct?",
        "options": [
            "Atlas Bear",
            "California Grizzly Bear",
            "Mexican Grizzly Bear",
            "Syrian Brown Bear"
        ],
        "answer": "Syrian Brown Bear"
    },
    {
        "category": "Animals",
        "difficulty": "hard",
        "question": "What is the Gray Wolf's scientific name?",
        "options": [
            "Canis Lupus Lycaon",
            "Canis Aureus",
            "Canis Latrans",
            "Canis Lupus"
        ],
        "answer": "Canis Lupus"
    },
    {
        "category": "Animals",
        "difficulty": "hard",
        "question": "What type of creature is a Bonobo?",
        "options": [
            "Wildcat",
            "Lion",
            "Parrot",
            "Ape"
        ],
        "answer": "Ape"
    },
    {
        "category": "Animals",
        "difficulty": "hard",
        "question": "How many known living species of hyenas are there?",
        "options": [
            "4",
            "8",
            "2",
            "6"
        ],
        "answer": "4"
    },
    {
        "category": "Animals",
        "difficulty": "hard",
        "question": "Which of these animals is NOT a lizard?",
        "options": [
            "Green Iguana",
            "Tuatara",
            "Komodo Dragon",
            "Gila Monster"
        ],
        "answer": "Tuatara"
    },
    {
        "category": "Animals",
        "difficulty": "hard",
        "question": "What is the scientific name of the cheetah?",
        "options": [
            "Lynx rufus",
            "Panthera onca",
            "Acinonyx jubatus",
            "Felis catus"
        ],
        "answer": "Acinonyx jubatus"
    },
    {
        "category": "Animals",
        "difficulty": "hard",
        "question": "Which species is a \"mountain chicken\"?",
        "options": [
            "Frog",
            "Horse",
            "Chicken",
            "Fly"
        ],
        "answer": "Frog"
    },
    {
        "category": "Animals",
        "difficulty": "hard",
        "question": "What scientific suborder does the family Hyaenidae belong to?",
        "options": [
            "Haplorhini",
            "Feliformia",
            "Ciconiiformes",
            "Caniformia"
        ],
        "answer": "Feliformia"
    }
]