[
    {
        "category": "History",
        "difficulty": "easy",
        "question": "Who rode on horseback to warn the Minutemen that the British were coming during the U.S. Revolutionary War?",
        "options": [
            "Henry Longfellow",
            "Thomas Paine",
            "Paul Revere",
            "Nathan Hale"
        ],
        "answer": "Paul Revere"
    },
    {
        "category": "History",
        "difficulty": "easy",
        "question": "In which year did the Invasion of Kuwait by Iraq occur?",
        "options": [
            "1992",
            "1988",
            "1990",
            "1986"
        ],
        "answer": "1990"
    },
    {
        "category": "History",
        "difficulty": "easy",
        "question": "The original Roman alphabet lacked the following letters EXCEPT:",
        "options": [
            "W",
            "X",
            "U",
            "J"
        ],
        "answer": "X"
    },
    {
        "category": "History",
        "difficulty": "easy",
        "question": "What does the United States of America celebrate during the 4th of July?",
        "options": [
            "The anniversary of the Battle of Gettysburg",
            "The crossing of the Delaware River",
            "The signing of the Declaration of Independence",
            "The ratification of the Constitution"
        ],
        "answer": "The signing of the Declaration of Independence"
    },
    {
        "category": "History",
        "difficulty": "easy",
        "question": "When did the Byzantine Empire collapse?",
        "options": [
            "1453",
            "1299",
            "1498",
            "1353"
        ],
        "answer": "1453"
    },
    {
        "category": "History",
        "difficulty": "easy",
        "question": "In what year did the Great Northern War, between Russia and Sweden, end?",
        "options": [
            "1724",
            "1727",
            "1721",
            "1726"
        ],
        "answer": "1721"
    },
    {
        "category": "History",
        "difficulty": "easy",
        "question": "In which war did the atomic bombings of Hiroshima and Nagasaki occur?",
        "options": [
            "World War II",
            "World War I",
            "Russo-Japanese War",
            "First Sino-Japanese War"
        ],
        "answer": "World War II"
    },
    {
        "category": "History",
        "difficulty": "easy",
        "question": "Which modern day country is the region that was known as Phrygia in ancient times?",
        "options": [
            "Greece",
            "Turkey",
            "Egypt",
            "Syria"
        ],
        "answer": "Turkey"
    },
    {
        "category": "History",
        "difficulty": "easy",
        "question": "In what year was the M1911 pistol designed?",
        "options": [
            "1899",
            "1917",
            "1907",
            "1911"
        ],
        "answer": "1911"
    },
    {
        "category": "History",
        "difficulty": "easy",
        "question": "Which game was the Game of the Year in 2018?",
        "options": [
            "Detroit: Become Human",
            "Red Dead Redemption 2",
            "A Way Out",
            "God of War"
        ],
        "answer": "God of War"
    },
    {
        "category": "History",
        "difficulty": "easy",
        "question": "How was Socrates executed?",
        "options": [
            "Crucifixion ",
            "Poison",
            "Firing squad",
            "Decapitation"
        ],
        "answer": "Poison"
    },
    {
        "category": "History",
        "difficulty": "easy",
        "question": "In 1720, England was in massive debt and became involved in the South Sea Bubble. Who was the main mastermind behind it?",
        "options": [
            "John Churchill",
            "Daniel Defoe",
            "Robert Harley",
            "John Blunt"
        ],
        "answer": "John Blunt"
    },
    {
        "category": "History",
        "difficulty": "easy",
        "question": "On what street did the 1666 Great Fire of London start?",
        "options": [
            "Baker Street",
            "St Paul's Cathedral",
            "Houses of Parliament",
            "Pudding Lane"
        ],
        "answer": "Pudding Lane"
    },
    {
        "category": "History",
        "difficulty": "easy",
        "question": "What country joined the EU in 2013?",
        "options": [
            "Turkey",
            "Croatia",
            "Bulgaria",
            "Slovenia"
        ],
        "answer": "Croatia"
    },
    {
        "category": "History",
        "difficulty": "easy",
        "question": "Who was the Prime Minister of Japan when Japan declared war on the US?",
        "options": [
            "Fumimaro Konoe",
            "Isoroku Yamamoto",
            "Michinomiya Hirohito",
            "Hideki Tojo"
        ],
        "answer": "Hideki Tojo"
    },
    {
        "category": "History",
        "difficulty": "easy",
        "question": "In World War ll, Great Britian used inflatable tanks on the ports of Great Britain to divert Hitler away from Normandy/D-day landing.",
        "options": [
            "False",
            "True"
        ],
        "answer": "True"
    },
    {
        "category": "History",
        "difficulty": "easy",
        "question": "Vikings were the first Europeans to discover North America.",
        "options": [
            "False",
            "True"
        ],
        "answer": "True"
    },
    {
        "category": "History",
        "difficulty": "easy",
        "question": "The United States of America declared their independence from the British Empire on July 4th, 1776.",
        "options": [
            "False",
            "True"
        ],
        "answer": "True"
    },
    {
        "category": "History",
        "difficulty": "easy",
        "question": "Former United States Presidents John Adams and Thomas Jefferson died within hours of each other.",
        "options": [
            "False",
            "True"
        ],
        "answer": "True"
    },
    {
        "category": "History",
        "difficulty": "easy",
        "question": "The Cold War ended with Joseph Stalin's death.",
        "options": [
            "False",
            "True"
        ],
        "answer": "False"
    },
    {
        "category": "History",
        "difficulty": "easy",
        "question": "The United States Department of Homeland Security was formed in response to the September 11th attacks.",
        "options": [
            "True",
            "False"
        ],
        "answer": "True"
    },
    {
        "category": "History",
        "difficulty": "easy",
        "question": "Kublai Khan is the grandchild of Genghis Khan?",
        "options": [
            "True",
            "False"
        ],
        "answer": "True"
    },
    {
        "category": "History",
        "difficulty": "easy",
        "question": "The Tiananmen Square protests of 1989 were held in Hong Kong.",
        "options": [
            "True",
            "False"
        ],
        "answer": "False"
    },
    {
        "category": "History",
        "difficulty": "easy",
        "question": "Adolf Hitler was a german soldier in World War I.",
        "options": [
            "True",
            "False"
        ],
        "answer": "True"
    },
    {
        "category": "History",
        "difficulty": "easy",
        "question": "The majority of people that lived under the Byzantine Empire called themselves Romans.",
        "options": [
            "True",
            "False"
        ],
        "answer": "True"
    },
    {
        "category": "History",
        "difficulty": "easy",
        "question": "The United States of America was the first country to launch a man into space.",
        "options": [
            "False",
            "True"
        ],
        "answer": "False"
    },
    {
        "category": "History",
        "difficulty": "easy",
        "question": "The French Kingdom helped the United States gain their independence over Great Britain during the Revolutionary War.",
        "options": [
            "False",
            "True"
        ],
        "answer": "True"
    },
    {
        "category": "History",
        "difficulty": "easy",
        "question": "The Spitfire originated from a racing plane.",
        "options": [
            "False",
            "True"
        ],
        "answer": "True"
    },
    {
        "category": "History",
        "difficulty": "easy",
        "question": "United States President John F. Kennedy was assassinated during his presidential motorcade in Atlanta, Georgia on November 22nd, 1963.",
        "options": [
            "True",
            "False"
        ],
        "answer": "False"
    },
    {
        "category": "History",
        "difficulty": "easy",
        "question": "Thomas Crapper was a plumber who invented the flushing toilet.",
        "options": [
            "False",
            "True"
        ],
        "answer": "False"
    },
    {
        "category": "History",
        "difficulty": "medium",
        "question": "Which Nazi General was known as the \"Desert Fox\"?",
        "options": [
            "Erwin Rommel",
            "Heinz Guderian ",
            "Wilhelm Keitel",
            "Gerd von Rundstadt"
        ],
        "answer": "Erwin Rommel"
    },
    {
        "category": "History",
        "difficulty": "medium",
        "question": "When did L. L. Zamenhof first publish \"Unua Libro\", the first publication describing his international language Esperanto?",
        "options": [
            "1887",
            "1897",
            "1905",
            "1915"
        ],
        "answer": "1887"
    },
    {
        "category": "History",
        "difficulty": "medium",
        "question": "Which of these countries was NOT a part of the Soviet Union?",
        "options": [
            "Turkmenistan",
            "Kazakhstan",
            "Uzbekistan",
            "Afghanistan"
        ],
        "answer": "Afghanistan"
    },
    {
        "category": "History",
        "difficulty": "medium",
        "question": "On which aircraft carrier did the Doolitte Raid launch from on April 18, 1942 during World War II?",
        "options": [
            "USS Saratoga",
            "USS Enterprise",
            "USS Lexington",
            "USS Hornet"
        ],
        "answer": "USS Hornet"
    },
    {
        "category": "History",
        "difficulty": "medium",
        "question": "In relation to the British Occupation in Ireland, what does the IRA stand for.",
        "options": [
            "Irish-Royal Alliance",
            "Irish Reformation Army",
            "Irish Rebel Alliance",
            "Irish Republican Army"
        ],
        "answer": "Irish Republican Army"
    },
    {
        "category": "History",
        "difficulty": "medium",
        "question": "When was \"The Gadget\", the first nuclear device to be detonated, tested?",
        "options": [
            "July 16, 1945",
            "August 6, 1945",
            "April 5, 1945",
            "June 22, 1945"
        ],
        "answer": "July 16, 1945"
    },
    {
        "category": "History",
        "difficulty": "medium",
        "question": "How many times was Albert Einstein married in his lifetime?",
        "options": [
            "Five",
            "Twice",
            "Once",
            "Thrice"
        ],
        "answer": "Twice"
    },
    {
        "category": "History",
        "difficulty": "medium",
        "question": "During what war did the \"Cuban Missile Crisis\" occur?",
        "options": [
            "World War I",
            "Revolutionary War",
            "Cold War",
            "World War II"
        ],
        "answer": "Cold War"
    },
    {
        "category": "History",
        "difficulty": "medium",
        "question": "When did Norway become free from Sweden?",
        "options": [
            "1905",
            "1925",
            "1834",
            "1814"
        ],
        "answer": "1905"
    },
    {
        "category": "History",
        "difficulty": "medium",
        "question": "In what year did the First World War end?",
        "options": [
            "1912",
            "1916",
            "1918",
            "1914"
        ],
        "answer": "1918"
    },
    {
        "category": "History",
        "difficulty": "medium",
        "question": "When did Vesuvius destroy the city of Pompeii? ",
        "options": [
            "31 BC",
            "79 AD",
            "62 AD",
            "54 BC"
        ],
        "answer": "79 AD"
    },
    {
        "category": "History",
        "difficulty": "medium",
        "question": "Which Las Vegas casino was originally constructed and operated by mobster Bugsy Siegel?",
        "options": [
            "The Sands",
            "The MGM Grand",
            "The Sahara",
            "The Flamingo"
        ],
        "answer": "The Flamingo"
    },
    {
        "category": "History",
        "difficulty": "medium",
        "question": "The minigun was designed in 1960 by which manufacturer.",
        "options": [
            "Heckler & Koch",
            "Colt Firearms",
            "General Electric",
            "Sig Sauer"
        ],
        "answer": "General Electric"
    },
    {
        "category": "History",
        "difficulty": "medium",
        "question": "Who is believed to have been the first European to 'discover' the land of New Zealand?",
        "options": [
            "Jeanne Bar\u00e9",
            "Abel Tasman",
            "Christopher Columbus",
            "John Cabot "
        ],
        "answer": "Abel Tasman"
    },
    {
        "category": "History",
        "difficulty": "medium",
        "question": "In the War of the Pacific (1879 - 1883), Bolivia lost its access to the Pacific Ocean after being defeated by which South American country?",
        "options": [
            "Chile",
            "Brazil",
            "Peru",
            "Argentina"
        ],
        "answer": "Chile"
    },
    {
        "category": "History",
        "difficulty": "medium",
        "question": "Sir Issac Newton served as a Member of Parliament, but the only recorded time he spoke was to complain about a draft in the chambers.",
        "options": [
            "True",
            "False"
        ],
        "answer": "True"
    },
    {
        "category": "History",
        "difficulty": "medium",
        "question": "In 1967, a magazine published a story about extracting hallucinogenic chemicals from bananas to raise moral questions about banning drugs.",
        "options": [
            "True",
            "False"
        ],
        "answer": "True"
    },
    {
        "category": "History",
        "difficulty": "medium",
        "question": "The Korean War ended in 1953 without any ceasefire.",
        "options": [
            "True",
            "False"
        ],
        "answer": "False"
    },
    {
        "category": "History",
        "difficulty": "medium",
        "question": "The Fourth Crusade lasted from 1095-1099 AD.",
        "options": [
            "False",
            "True"
        ],
        "answer": "False"
    },
    {
        "category": "History",
        "difficulty": "medium",
        "question": "Ottoman Empire was created in 1299.",
        "options": [
            "False",
            "True"
        ],
        "answer": "True"
    },
    {
        "category": "History",
        "difficulty": "medium",
        "question": "Augustus was the cousin of Julius Caesar. ",
        "options": [
            "False",
            "True"
        ],
        "answer": "False"
    },
    {
        "category": "History",
        "difficulty": "medium",
        "question": "Sargon II, a king of the Neo-Assyrian Empire, was a direct descendant of Sargon of Akkad.",
        "options": [
            "True",
            "False"
        ],
        "answer": "False"
    },
    {
        "category": "History",
        "difficulty": "medium",
        "question": "Brezhnev was the 5th leader of the USSR.",
        "options": [
            "False",
            "True"
        ],
        "answer": "True"
    },
    {
        "category": "History",
        "difficulty": "medium",
        "question": "In World War II, Hawker Typhoons served in the Pacific theater.",
        "options": [
            "False",
            "True"
        ],
        "answer": "False"
    },
    {
        "category": "History",
        "difficulty": "medium",
        "question": "The two atomic bombs dropped on Japan by the United States in August 1945 were named 'Little Man' and 'Fat Boy'.",
        "options": [
            "True",
            "False"
        ],
        "answer": "False"
    },
    {
        "category": "History",
        "difficulty": "medium",
        "question": "United States President Ronald Reagan was the first president to appoint a woman to the Supreme Court. ",
        "options": [
            "False",
            "True"
        ],
        "answer": "True"
    },
    {
        "category": "History",
        "difficulty": "medium",
        "question": "Assyrian king Sennacherib's destruction of Babylon in 689 BCE was viewed as a triumph by other Assyrian citizens.",
        "options": [
            "False",
            "True"
        ],
        "answer": "False"
    },
    {
        "category": "History",
        "difficulty": "medium",
        "question": "\"I disapprove of what you say, but I will defend to the death your right to say it\" is a quote from French philosopher Voltaire.",
        "options": [
            "True",
            "False"
        ],
        "answer": "False"
    },
    {
        "category": "History",
        "difficulty": "medium",
        "question": "The Hundred Years' War was fought for more than a hundred years.",
        "options": [
            "True",
            "False"
        ],
        "answer": "True"
    },
    {
        "category": "History",
        "difficulty": "medium",
        "question": "Franz Joseph I was the last emperor of Austria.",
        "options": [
            "True",
            "False"
        ],
        "answer": "False"
    },
    {
        "category": "History",
        "difficulty": "hard",
        "question": "What was Napoleon Bonaparte's name before he changed it?",
        "options": [
            "Napole\u00e3o do Boaparte",
            "Naapolion van Bonijpaart",
            "Napoleona de Buenoparte",
            "Napoleone di Buonaparte"
        ],
        "answer": "Napoleone di Buonaparte"
    },
    {
        "category": "History",
        "difficulty": "hard",
        "question": "Which of the following Physicists aided Nazi Germany in their production of a nuclear weapon?",
        "options": [
            "Werner Heisenberg",
            "Max Planck",
            "John von Neumann",
            "Albert Einstein"
        ],
        "answer": "Werner Heisenberg"
    },
    {
        "category": "History",
        "difficulty": "hard",
        "question": "What micro-state is considered to have the oldest constitution still in effect?",
        "options": [
            "Saint Kitts and Nevis",
            "Monaco",
            "Andorra",
            "San Marino"
        ],
        "answer": "San Marino"
    },
    {
        "category": "History",
        "difficulty": "hard",
        "question": "What did the first vending machines in the early 1880's dispense?",
        "options": [
            "Sodas ",
            "Post cards",
            "Cigarettes",
            "Alcohol"
        ],
        "answer": "Post cards"
    },
    {
        "category": "History",
        "difficulty": "hard",
        "question": "When was Adolf Hitler appointed as Chancellor of Germany?",
        "options": [
            "January 30, 1933",
            "September 1, 1939",
            "February 27, 1933",
            "October 6, 1939"
        ],
        "answer": "January 30, 1933"
    },
    {
        "category": "History",
        "difficulty": "hard",
        "question": "Which of these positions did the astronomer and physicist Isaac Newton not hold?",
        "options": [
            "Warden of the Royal Mint",
            "Professor of Mathematics",
            "Surveyor to the City of London",
            "Member of Parliament"
        ],
        "answer": "Surveyor to the City of London"
    },
    {
        "category": "History",
        "difficulty": "hard",
        "question": "Pianist Fr\u00e9d\u00e9ric Chopin was a composer of which musical era?",
        "options": [
            "Renaissance",
            "Romantic",
            "Baroque",
            "Classic"
        ],
        "answer": "Romantic"
    },
    {
        "category": "History",
        "difficulty": "hard",
        "question": "On which day did ARPANET suffer a 4 hour long network crash?",
        "options": [
            "October 27, 1980",
            "October 29, 1969",
            "December 9, 1991",
            "November 21, 1969"
        ],
        "answer": "October 27, 1980"
    },
    {
        "category": "History",
        "difficulty": "hard",
        "question": "When was Finland's 100th year of being independent?",
        "options": [
            "2017",
            "2018",
            "2016",
            "2015"
        ],
        "answer": "2017"
    },
    {
        "category": "History",
        "difficulty": "hard",
        "question": "Spain was formed in 1469 with the marriage of Isabella I of Castile and Ferdinand II of what other Iberian kingdom?",
        "options": [
            "Navarre",
            "Galicia",
            "Le\u00f3n",
            "Aragon"
        ],
        "answer": "Aragon"
    },
    {
        "category": "History",
        "difficulty": "hard",
        "question": "During the Spanish Civil War (1936), Francisco Franco fought for which political faction?",
        "options": [
            "Nationalist Spain",
            "Republican Spain",
            "Popular Front",
            "Papal State"
        ],
        "answer": "Nationalist Spain"
    },
    {
        "category": "History",
        "difficulty": "hard",
        "question": "What was the original name of New York City?",
        "options": [
            "New Rome",
            "New Amsterdam",
            "New London",
            "New Paris"
        ],
        "answer": "New Amsterdam"
    },
    {
        "category": "History",
        "difficulty": "hard",
        "question": "What was the real name of the Albanian national leader Skanderbeg?",
        "options": [
            "Mirash Krasniki",
            "Diturak Zhulati",
            "Gjergj Kastrioti",
            "Iskander Bejko"
        ],
        "answer": "Gjergj Kastrioti"
    },
    {
        "category": "History",
        "difficulty": "hard",
        "question": "How many sonatas did Ludwig van Beethoven write?",
        "options": [
            "31",
            "50",
            "21",
            "32"
        ],
        "answer": "32"
    },
    {
        "category": "History",
        "difficulty": "hard",
        "question": "During the Roman Triumvirate of 42 BCE, what region of the Roman Republic was given to Lepidus?",
        "options": [
            "Gallia",
            "Asia",
            "Hispania ",
            "Italia"
        ],
        "answer": "Hispania "
    }
]