[
    {
        "category": "Mythology",
        "difficulty": "easy",
        "question": "What mytological creatures have women's faces and vultures' bodies?",
        "options": [
            "Nymph",
            "Harpies",
            "Mermaids",
            "Lilith"
        ],
        "answer": "Harpies"
    },
    {
        "category": "Mythology",
        "difficulty": "easy",
        "question": "In most traditions, who was the wife of Zeus?",
        "options": [
            "Athena",
            "Hestia",
            "Hera",
            "Aphrodite"
        ],
        "answer": "Hera"
    },
    {
        "category": "Mythology",
        "difficulty": "easy",
        "question": "How many heads does Cerberus have?",
        "options": [
            "1",
            "2",
            "5",
            "3"
        ],
        "answer": "3"
    },
    {
        "category": "Mythology",
        "difficulty": "easy",
        "question": "Which of these mythological creatures is said to be half-man and half-horse?",
        "options": [
            "Gorgon",
            "Centaur",
            "Minotaur",
            "Pegasus"
        ],
        "answer": "Centaur"
    },
    {
        "category": "Mythology",
        "difficulty": "easy",
        "question": "The greek god Poseidon was the god of what?",
        "options": [
            "War",
            "Sun",
            "The Sea",
            "Fire"
        ],
        "answer": "The Sea"
    },
    {
        "category": "Mythology",
        "difficulty": "easy",
        "question": "Who was the only god from Greece who did not get a name change in Rome?",
        "options": [
            "Apollo",
            "Zeus",
            "Demeter",
            "Athena"
        ],
        "answer": "Apollo"
    },
    {
        "category": "Mythology",
        "difficulty": "easy",
        "question": "The Nike apparel and footwear brand takes it's name from the Greek goddess of what?",
        "options": [
            "Victory",
            "Courage",
            "Strength",
            "Honor"
        ],
        "answer": "Victory"
    },
    {
        "category": "Mythology",
        "difficulty": "easy",
        "question": "This Greek goddess's name was chosen for the dwarf planet responsible for discord on Pluto's classification amongst astronomers.",
        "options": [
            "Eris",
            "Dysnomia",
            "Ceres",
            "Charon"
        ],
        "answer": "Eris"
    },
    {
        "category": "Mythology",
        "difficulty": "easy",
        "question": "Which of the following is not true about the life of Tiresias?",
        "options": [
            "Hera blinded him after he agreed with Zeus in an argument",
            "Athena turned him into a woman, and then years later back into a man",
            "Sailed with the Argonauts to find the golden fleece",
            "Revealed to Oedipus that Oedipus had married his own mother"
        ],
        "answer": "Sailed with the Argonauts to find the golden fleece"
    },
    {
        "category": "Mythology",
        "difficulty": "easy",
        "question": "Who was the King of Gods in Ancient Greek mythology?",
        "options": [
            "Zeus",
            "Hermes",
            "Apollo",
            "Poseidon"
        ],
        "answer": "Zeus"
    },
    {
        "category": "Mythology",
        "difficulty": "easy",
        "question": "The ancient Roman god of war was commonly known as which of the following?",
        "options": [
            "Mars",
            "Ares",
            "Juno",
            "Jupiter"
        ],
        "answer": "Mars"
    },
    {
        "category": "Mythology",
        "difficulty": "easy",
        "question": "Which figure from Greek mythology traveled to the underworld to return his wife Eurydice to the land of the living?",
        "options": [
            "Hercules",
            "Perseus",
            "Orpheus",
            "Daedalus"
        ],
        "answer": "Orpheus"
    },
    {
        "category": "Mythology",
        "difficulty": "easy",
        "question": "Who in Greek mythology, who led the Argonauts in search of the Golden Fleece?",
        "options": [
            "Odysseus",
            "Castor",
            "Jason",
            "Daedalus"
        ],
        "answer": "Jason"
    },
    {
        "category": "Mythology",
        "difficulty": "easy",
        "question": "What mythology did the god \"Apollo\" come from?",
        "options": [
            "Greek, Roman and Norse",
            "Greek and Roman",
            "Greek and Chinese",
            "Roman and Spanish"
        ],
        "answer": "Greek and Roman"
    },
    {
        "category": "Mythology",
        "difficulty": "easy",
        "question": "In Greek mythology, who is the god of wine?",
        "options": [
            "Dionysus",
            "Apollo",
            "Demeter",
            "Hephaestus"
        ],
        "answer": "Dionysus"
    },
    {
        "category": "Mythology",
        "difficulty": "medium",
        "question": "Who is the God Loki's son? ",
        "options": [
            "Fenrir ",
            "Odin",
            "Hel",
            "Sigyn"
        ],
        "answer": "Fenrir "
    },
    {
        "category": "Mythology",
        "difficulty": "medium",
        "question": "Who was the Roman god of fire?",
        "options": [
            "Vulcan",
            "Apollo",
            "Jupiter",
            "Mercury"
        ],
        "answer": "Vulcan"
    },
    {
        "category": "Mythology",
        "difficulty": "medium",
        "question": "In Greek Mythology, who killed Achilles?",
        "options": [
            "Pericles",
            "Helen",
            "Paris",
            "Hector"
        ],
        "answer": "Paris"
    },
    {
        "category": "Mythology",
        "difficulty": "medium",
        "question": "Hera is god of...",
        "options": [
            "Sea",
            "War",
            "Marriage",
            "Agriculture"
        ],
        "answer": "Marriage"
    },
    {
        "category": "Mythology",
        "difficulty": "medium",
        "question": "According to Japanese folklore, what is the favorite food of the Kappa.",
        "options": [
            "Nasu",
            "Cucumbers",
            "Soba",
            "Kabocha"
        ],
        "answer": "Cucumbers"
    },
    {
        "category": "Mythology",
        "difficulty": "medium",
        "question": "In African mythology, Anansi is a trickster and storyteller who takes the shape of which animal?",
        "options": [
            "Monkey",
            "Crocodile",
            "Spider",
            "Wild dog"
        ],
        "answer": "Spider"
    },
    {
        "category": "Mythology",
        "difficulty": "medium",
        "question": "This Greek mythological figure is the god/goddess of battle strategy (among other things).",
        "options": [
            "Athena",
            "Artemis",
            "Apollo",
            "Ares"
        ],
        "answer": "Athena"
    },
    {
        "category": "Mythology",
        "difficulty": "medium",
        "question": "Which of the following Mesopotamian mythological figures was NOT a deity?",
        "options": [
            "Enkimdu",
            "Enkidu",
            "Enki",
            "Enlil"
        ],
        "answer": "Enkidu"
    },
    {
        "category": "Mythology",
        "difficulty": "medium",
        "question": "The Maori hold that which island nation was founded by Kupe, who discovered it under a long white cloud?",
        "options": [
            "Hawaii",
            "Fiji",
            "New Zealand",
            "Vanuatu"
        ],
        "answer": "New Zealand"
    },
    {
        "category": "Mythology",
        "difficulty": "medium",
        "question": "Which greek god/goddess tossed a golden apple with the words \"for the fairest\" into the middle of the feast of the gods?",
        "options": [
            "Eris",
            "Hades",
            "Artemis",
            "Ares"
        ],
        "answer": "Eris"
    },
    {
        "category": "Mythology",
        "difficulty": "medium",
        "question": "The Norse god Odin has two pet crows named \"Huginn\" and \"Muninn\".  What do their names mean?",
        "options": [
            "War & Learning",
            "Power & Peace",
            "Thought & Memory",
            "Sleeping & Waking"
        ],
        "answer": "Thought & Memory"
    },
    {
        "category": "Mythology",
        "difficulty": "medium",
        "question": "Neptune's greek name was...",
        "options": [
            "Zeus",
            "Ares",
            "Poseidon",
            "Apollo"
        ],
        "answer": "Poseidon"
    },
    {
        "category": "Mythology",
        "difficulty": "medium",
        "question": "Hel was the daughter of which Norse Mythological figure?",
        "options": [
            "Balder",
            "Loki",
            "Odin",
            "Thor"
        ],
        "answer": "Loki"
    },
    {
        "category": "Mythology",
        "difficulty": "medium",
        "question": "What animal did Queen Pasipahe sleep with before she gave birth to the Minotaur in Greek Mythology?",
        "options": [
            "Pig",
            "Bull",
            "Ox",
            "Horse"
        ],
        "answer": "Bull"
    },
    {
        "category": "Mythology",
        "difficulty": "medium",
        "question": "According to the Egyptian Myth of Osiris, who murdered Osiris?",
        "options": [
            "Anhur",
            "Set",
            "Ra",
            "Horus"
        ],
        "answer": "Set"
    }
]