[
    {
        "category": "Art",
        "difficulty": "easy",
        "question": "What is the world's oldest known piece of fiction?",
        "options": [
            "Rosetta Stone",
            "Code of Hammurabi",
            "Papyrus of Ani",
            "Epic of Gilgamesh"
        ],
        "answer": "Epic of Gilgamesh"
    },
    {
        "category": "Art",
        "difficulty": "easy",
        "question": "Who painted \"Swans Reflecting Elephants\", \"Sleep\", and \"The Persistence of Memory\"?",
        "options": [
            "Edgar Degas",
            "Salvador Dali",
            "Jackson Pollock",
            "Vincent van Gogh"
        ],
        "answer": "Salvador Dali"
    },
    {
        "category": "Art",
        "difficulty": "easy",
        "question": "What is the name of the Japanese art of folding paper into decorative shapes and figures?",
        "options": [
            "Ukiyo-e",
            "Haiku",
            "Sumi-e",
            "Origami"
        ],
        "answer": "Origami"
    },
    {
        "category": "Art",
        "difficulty": "easy",
        "question": "Who painted The Starry Night?",
        "options": [
            "Michelangelo",
            "Vincent van Gogh",
            "Leonardo da Vinci",
            "Pablo Picasso"
        ],
        "answer": "Vincent van Gogh"
    },
    {
        "category": "Art",
        "difficulty": "easy",
        "question": "Which painting was not made by Vincent Van Gogh?",
        "options": [
            "The Ninth Wave",
            "Starry Night",
            "Bedroom In Arles",
            "Caf\u00e9 Terrace at Night"
        ],
        "answer": "The Ninth Wave"
    },
    {
        "category": "Art",
        "difficulty": "easy",
        "question": "Which artist painted the late 15th century mural 'The Last Supper'?",
        "options": [
            "Piero della Francesca",
            "Luca Pacioli",
            "Paolo Uccello",
            "Leonardo da Vinci"
        ],
        "answer": "Leonardo da Vinci"
    },
    {
        "category": "Art",
        "difficulty": "easy",
        "question": "Who painted \"The Starry Night\"?",
        "options": [
            "Pablo Picasso",
            "Vincent van Gogh",
            "Claude Monet",
            "Edvard Munch"
        ],
        "answer": "Vincent van Gogh"
    },
    {
        "category": "Art",
        "difficulty": "easy",
        "question": "What is a fundamental element of the Gothic style of architecture?",
        "options": [
            "internal frescoes",
            "fa\u00e7ades surmounted by a pediment ",
            "coffered ceilings",
            "pointed arch"
        ],
        "answer": "pointed arch"
    },
    {
        "category": "Art",
        "difficulty": "easy",
        "question": "Who painted the Mona Lisa?",
        "options": [
            "Leonardo da Vinci",
            "Vincent van Gogh",
            "Claude Monet",
            "Pablo Picasso"
        ],
        "answer": "Leonardo da Vinci"
    },
    {
        "category": "Art",
        "difficulty": "easy",
        "question": "Who painted the Sistine Chapel?",
        "options": [
            "Michelangelo",
            "Pablo Picasso",
            "Raphael",
            "Leonardo da Vinci"
        ],
        "answer": "Michelangelo"
    },
    {
        "category": "Art",
        "difficulty": "easy",
        "question": "Which Van Gogh painting depicts the view from his asylum in Saint-R\u00e9my-de-Provence in southern France?",
        "options": [
            "Wheatfields with Crows",
            "The Starry Night",
            "The Sower with Setting Sun",
            "The Church at Auvers"
        ],
        "answer": "The Starry Night"
    },
    {
        "category": "Art",
        "difficulty": "easy",
        "question": "Who painted the Mona Lisa?",
        "options": [
            "Pablo Picasso",
            "Michelangelo",
            " Vincent van Gogh",
            "Leonardo da Vinci "
        ],
        "answer": "Leonardo da Vinci "
    },
    {
        "category": "Art",
        "difficulty": "easy",
        "question": " What color is produced by mixing black and white?",
        "options": [
            "White",
            "Black",
            "Brown",
            "Grey"
        ],
        "answer": "Grey"
    },
    {
        "category": "Art",
        "difficulty": "easy",
        "question": "Who painted the biblical fresco The Creation of Adam?",
        "options": [
            "Michelangelo",
            "Leonardo da Vinci",
            "Caravaggio",
            "Rembrandt"
        ],
        "answer": "Michelangelo"
    },
    {
        "category": "Art",
        "difficulty": "easy",
        "question": "Who sculpted the statue of David?",
        "options": [
            "Auguste Rodin",
            "Michelangelo",
            "Donatello",
            "Gian Lorenzo Bernini"
        ],
        "answer": "Michelangelo"
    }
]