[
    {
        "category": "Science: Computers",
        "difficulty": "easy",
        "question": "HTML is what type of language?",
        "options": [
            "Scripting Language",
            "Programming Language",
            "Markup Language",
            "Macro Language"
        ],
        "answer": "Markup Language"
    },
    {
        "category": "Science: Computers",
        "difficulty": "easy",
        "question": "What does the \"MP\" stand for in MP3?",
        "options": [
            "Music Player",
            "Micro Point",
            "Moving Picture",
            "Multi Pass"
        ],
        "answer": "Moving Picture"
    },
    {
        "category": "Science: Computers",
        "difficulty": "easy",
        "question": "Which SQL keyword is used to fetch data from a database?",
        "options": [
            "EXEC",
            "INDEX",
            "VALUES",
            "SELECT"
        ],
        "answer": "SELECT"
    },
    {
        "category": "Science: Computers",
        "difficulty": "easy",
        "question": "How many kilobytes in one gigabyte (in decimal)?",
        "options": [
            "1024",
            "1000000",
            "1048576",
            "1000"
        ],
        "answer": "1000000"
    },
    {
        "category": "Science: Computers",
        "difficulty": "easy",
        "question": "Which company was established on April 1st, 1976 by Steve Jobs, Steve Wozniak and Ronald Wayne?",
        "options": [
            "Microsoft",
            "Commodore",
            "Apple",
            "Atari"
        ],
        "answer": "Apple"
    },
    {
        "category": "Science: Computers",
        "difficulty": "easy",
        "question": "In any programming language, what is the most common way to iterate through an array?",
        "options": [
            "'While' loops",
            "'Do-while' loops",
            "'For' loops",
            "'If' Statements"
        ],
        "answer": "'For' loops"
    },
    {
        "category": "Science: Computers",
        "difficulty": "easy",
        "question": "How many values can a single byte represent?",
        "options": [
            "8",
            "1",
            "256",
            "1024"
        ],
        "answer": "256"
    },
    {
        "category": "Science: Computers",
        "difficulty": "easy",
        "question": "What is the most preferred image format used for logos in the Wikimedia database?",
        "options": [
            ".gif",
            ".jpeg",
            ".png",
            ".svg"
        ],
        "answer": ".svg"
    },
    {
        "category": "Science: Computers",
        "difficulty": "easy",
        "question": "This mobile OS held the largest market share in 2012.",
        "options": [
            "BlackBerry",
            "iOS",
            "Android",
            "Symbian"
        ],
        "answer": "iOS"
    },
    {
        "category": "Science: Computers",
        "difficulty": "easy",
        "question": "Which computer language would you associate Django framework with?",
        "options": [
            "Java",
            "C#",
            "C++",
            "Python"
        ],
        "answer": "Python"
    },
    {
        "category": "Science: Computers",
        "difficulty": "easy",
        "question": "In the programming language Java, which of these keywords would you put on a variable to make sure it doesn't get modified?",
        "options": [
            "Private",
            "Static",
            "Final",
            "Public"
        ],
        "answer": "Final"
    },
    {
        "category": "Science: Computers",
        "difficulty": "easy",
        "question": "The C programming language was created by this American computer scientist. ",
        "options": [
            "al-Khw\u0101rizm\u012b",
            "Tim Berners Lee",
            "Dennis Ritchie",
            "Willis Ware"
        ],
        "answer": "Dennis Ritchie"
    },
    {
        "category": "Science: Computers",
        "difficulty": "easy",
        "question": "Which computer hardware device provides an interface for all other connected devices to communicate?",
        "options": [
            "Central Processing Unit",
            "Motherboard",
            "Random Access Memory",
            "Hard Disk Drive"
        ],
        "answer": "Motherboard"
    },
    {
        "category": "Science: Computers",
        "difficulty": "easy",
        "question": "When Gmail first launched, how much storage did it provide for your email?",
        "options": [
            "1GB",
            "Unlimited",
            "512MB",
            "5GB"
        ],
        "answer": "1GB"
    },
    {
        "category": "Science: Computers",
        "difficulty": "easy",
        "question": "What is the domain name for the country Tuvalu?",
        "options": [
            ".tt",
            ".tu",
            ".tv",
            ".tl"
        ],
        "answer": ".tv"
    },
    {
        "category": "Science: Computers",
        "difficulty": "easy",
        "question": "RAM stands for Random Access Memory.",
        "options": [
            "True",
            "False"
        ],
        "answer": "True"
    },
    {
        "category": "Science: Computers",
        "difficulty": "easy",
        "question": "JavaScript derives from a later version of Java",
        "options": [
            "False",
            "True"
        ],
        "answer": "False"
    },
    {
        "category": "Science: Computers",
        "difficulty": "easy",
        "question": "The NVidia GTX 1080 gets its name because it can only render at a 1920x1080 screen resolution.",
        "options": [
            "False",
            "True"
        ],
        "answer": "False"
    },
    {
        "category": "Science: Computers",
        "difficulty": "easy",
        "question": "The Windows 7 operating system has six main editions.",
        "options": [
            "False",
            "True"
        ],
        "answer": "True"
    },
    {
        "category": "Science: Computers",
        "difficulty": "easy",
        "question": "The first IBM PC was released in 1981.",
        "options": [
            "False",
            "True"
        ],
        "answer": "True"
    },
    {
        "category": "Science: Computers",
        "difficulty": "easy",
        "question": "Pointers were not used in the original C programming language; they were added later on in C++.",
        "options": [
            "False",
            "True"
        ],
        "answer": "False"
    },
    {
        "category": "Science: Computers",
        "difficulty": "easy",
        "question": "A Mac is not a PC",
        "options": [
            "True",
            "False"
        ],
        "answer": "False"
    },
    {
        "category": "Science: Computers",
        "difficulty": "easy",
        "question": "Time on Computers is measured via the EPOX System.",
        "options": [
            "False",
            "True"
        ],
        "answer": "False"
    },
    {
        "category": "Science: Computers",
        "difficulty": "easy",
        "question": "Linux was first created as an alternative to Windows XP.",
        "options": [
            "True",
            "False"
        ],
        "answer": "False"
    },
    {
        "category": "Science: Computers",
        "difficulty": "easy",
        "question": "The Python programming language gets its name from the British comedy group \"Monty Python.\"",
        "options": [
            "True",
            "False"
        ],
        "answer": "True"
    },
    {
        "category": "Science: Computers",
        "difficulty": "easy",
        "question": "In most programming languages, the operator ++ is equivalent to the statement \"+= 1\".",
        "options": [
            "True",
            "False"
        ],
        "answer": "True"
    },
    {
        "category": "Science: Computers",
        "difficulty": "easy",
        "question": "Ada Lovelace is often considered the first computer programmer.",
        "options": [
            "False",
            "True"
        ],
        "answer": "True"
    },
    {
        "category": "Science: Computers",
        "difficulty": "easy",
        "question": "\"HTML\" stands for Hypertext Markup Language.",
        "options": [
            "False",
            "True"
        ],
        "answer": "True"
    },
    {
        "category": "Science: Computers",
        "difficulty": "easy",
        "question": "The Windows ME operating system was released in the year 2000.",
        "options": [
            "False",
            "True"
        ],
        "answer": "True"
    },
    {
        "category": "Science: Computers",
        "difficulty": "easy",
        "question": "Linus Torvalds created Linux and Git.",
        "options": [
            "False",
            "True"
        ],
        "answer": "True"
    },
    {
        "category": "Science: Computers",
        "difficulty": "medium",
        "question": "What was the first commerically available computer processor?",
        "options": [
            "Intel 4004",
            "AMD AM386",
            "Intel 486SX",
            "TMS 1000"
        ],
        "answer": "Intel 4004"
    },
    {
        "category": "Science: Computers",
        "difficulty": "medium",
        "question": ".at is the top-level domain for what country?",
        "options": [
            "Austria",
            "Argentina",
            "Australia",
            "Angola"
        ],
        "answer": "Austria"
    },
    {
        "category": "Science: Computers",
        "difficulty": "medium",
        "question": "What was Bitcoin's block size limit in 2010?",
        "options": [
            "1 KB",
            "1 MB",
            "1GB",
            "1 TB"
        ],
        "answer": "1 MB"
    },
    {
        "category": "Science: Computers",
        "difficulty": "medium",
        "question": "While Apple was formed in California, in which western state was Microsoft founded?",
        "options": [
            "New Mexico",
            "Washington",
            "Arizona",
            "Colorado"
        ],
        "answer": "New Mexico"
    },
    {
        "category": "Science: Computers",
        "difficulty": "medium",
        "question": "What five letter word is the motto of the IBM Computer company?",
        "options": [
            "Think",
            "Click",
            "Pixel",
            "Logic"
        ],
        "answer": "Think"
    },
    {
        "category": "Science: Computers",
        "difficulty": "medium",
        "question": "Generally, which component of a computer draws the most power?",
        "options": [
            "Power Supply",
            "Video Card",
            "Processor",
            "Hard Drive"
        ],
        "answer": "Video Card"
    },
    {
        "category": "Science: Computers",
        "difficulty": "medium",
        "question": "All of the following programs are classified as raster graphics editors EXCEPT:",
        "options": [
            "Inkscape",
            "GIMP",
            "Paint.NET",
            "Adobe Photoshop"
        ],
        "answer": "Inkscape"
    },
    {
        "category": "Science: Computers",
        "difficulty": "medium",
        "question": "Laserjet and inkjet printers are both examples of what type of printer?",
        "options": [
            "Daisywheel printer",
            "Impact printer",
            "Dot matrix printer",
            "Non-impact printer"
        ],
        "answer": "Non-impact printer"
    },
    {
        "category": "Science: Computers",
        "difficulty": "medium",
        "question": "What is the main CPU is the Sega Mega Drive / Sega Genesis?",
        "options": [
            "Motorola 68000",
            "Zilog Z80",
            "Yamaha YM2612",
            "Intel 8088"
        ],
        "answer": "Motorola 68000"
    },
    {
        "category": "Science: Computers",
        "difficulty": "medium",
        "question": "What was the name given to Android 4.3?",
        "options": [
            "Jelly Bean",
            "Nutella",
            "Lollipop",
            "Froyo"
        ],
        "answer": "Jelly Bean"
    },
    {
        "category": "Science: Computers",
        "difficulty": "medium",
        "question": "What does the term GPU stand for?",
        "options": [
            "Gaming Processor Unit",
            "Graphics Processing Unit",
            "Graphite Producing Unit",
            "Graphical Proprietary Unit"
        ],
        "answer": "Graphics Processing Unit"
    },
    {
        "category": "Science: Computers",
        "difficulty": "medium",
        "question": "What does the 'S' in the RSA encryption algorithm stand for?",
        "options": [
            "Secure",
            "Stable",
            "Shamir",
            "Schottky"
        ],
        "answer": "Shamir"
    },
    {
        "category": "Science: Computers",
        "difficulty": "medium",
        "question": "Which coding language was the #1 programming language in terms of usage on GitHub in 2015?",
        "options": [
            "JavaScript",
            "C#",
            "PHP",
            "Python"
        ],
        "answer": "JavaScript"
    },
    {
        "category": "Science: Computers",
        "difficulty": "medium",
        "question": "In HTML, which non-standard tag used to be be used to make elements scroll across the viewport?",
        "options": [
            "<marquee></marquee>",
            "<scroll></scroll>",
            "<move></move>",
            "<slide></slide>"
        ],
        "answer": "<marquee></marquee>"
    },
    {
        "category": "Science: Computers",
        "difficulty": "medium",
        "question": "What is the name of the default theme that is installed with Windows XP?",
        "options": [
            "Luna",
            "Bliss",
            "Neptune",
            "Whistler"
        ],
        "answer": "Luna"
    },
    {
        "category": "Science: Computers",
        "difficulty": "medium",
        "question": "To bypass US Munitions Export Laws, the creator of the PGP published all the source code in book form. ",
        "options": [
            "True",
            "False"
        ],
        "answer": "True"
    },
    {
        "category": "Science: Computers",
        "difficulty": "medium",
        "question": "FLAC stands for \"Free Lossless Audio Condenser\"'",
        "options": [
            "True",
            "False"
        ],
        "answer": "False"
    },
    {
        "category": "Science: Computers",
        "difficulty": "medium",
        "question": "The 'Raspberry Pi' series of single-board computers were created in the United States.",
        "options": [
            "False",
            "True"
        ],
        "answer": "False"
    },
    {
        "category": "Science: Computers",
        "difficulty": "medium",
        "question": "Android versions are named in alphabetical order.",
        "options": [
            "False",
            "True"
        ],
        "answer": "True"
    },
    {
        "category": "Science: Computers",
        "difficulty": "medium",
        "question": "The first computer bug was formed by faulty wires.",
        "options": [
            "True",
            "False"
        ],
        "answer": "False"
    },
    {
        "category": "Science: Computers",
        "difficulty": "medium",
        "question": "The first dual-core CPU was the Intel Pentium D.",
        "options": [
            "True",
            "False"
        ],
        "answer": "False"
    },
    {
        "category": "Science: Computers",
        "difficulty": "medium",
        "question": "Early RAM was directly seated onto the motherboard and could not be easily removed.",
        "options": [
            "False",
            "True"
        ],
        "answer": "True"
    },
    {
        "category": "Science: Computers",
        "difficulty": "medium",
        "question": "The common software-programming acronym \"I18N\" comes from the term \"Interlocalization\".",
        "options": [
            "False",
            "True"
        ],
        "answer": "False"
    },
    {
        "category": "Science: Computers",
        "difficulty": "medium",
        "question": "A Boolean value of \"0\" represents which of these words?",
        "options": [
            "False",
            "True"
        ],
        "answer": "False"
    },
    {
        "category": "Science: Computers",
        "difficulty": "medium",
        "question": "The last Windows operating system to be based on the Windows 9x kernel was Windows 98.",
        "options": [
            "True",
            "False"
        ],
        "answer": "False"
    },
    {
        "category": "Science: Computers",
        "difficulty": "medium",
        "question": "It's not possible to format a write-protected DVD-R Hard Disk.",
        "options": [
            "True",
            "False"
        ],
        "answer": "True"
    },
    {
        "category": "Science: Computers",
        "difficulty": "medium",
        "question": "The open source program Redis is a relational database server.",
        "options": [
            "False",
            "True"
        ],
        "answer": "False"
    },
    {
        "category": "Science: Computers",
        "difficulty": "medium",
        "question": "The HTML5 standard was published in 2014.",
        "options": [
            "True",
            "False"
        ],
        "answer": "True"
    },
    {
        "category": "Science: Computers",
        "difficulty": "medium",
        "question": "The very first recorded computer \"bug\" was a moth found inside a Harvard Mark II computer.",
        "options": [
            "False",
            "True"
        ],
        "answer": "True"
    },
    {
        "category": "Science: Computers",
        "difficulty": "medium",
        "question": "Linus Sebastian is the creator of the Linux kernel, which went on to be used in Linux, Android, and Chrome OS.",
        "options": [
            "True",
            "False"
        ],
        "answer": "False"
    },
    {
        "category": "Science: Computers",
        "difficulty": "hard",
        "question": "What was the first company to use the term \"Golden Master\"?",
        "options": [
            "Apple",
            "IBM",
            "Microsoft",
            "Google"
        ],
        "answer": "Apple"
    },
    {
        "category": "Science: Computers",
        "difficulty": "hard",
        "question": "The internet domain .fm is the country-code top-level domain for which Pacific Ocean island nation?",
        "options": [
            "Tuvalu",
            "Micronesia",
            "Fiji",
            "Marshall Islands"
        ],
        "answer": "Micronesia"
    },
    {
        "category": "Science: Computers",
        "difficulty": "hard",
        "question": "Lenovo acquired IBM's personal computer division, including the ThinkPad line of laptops and tablets, in what year?",
        "options": [
            "2008",
            "2002",
            "1999",
            "2005"
        ],
        "answer": "2005"
    },
    {
        "category": "Science: Computers",
        "difficulty": "hard",
        "question": "How many Hz does the video standard PAL support?",
        "options": [
            "25",
            "50",
            "59",
            "60"
        ],
        "answer": "50"
    },
    {
        "category": "Science: Computers",
        "difficulty": "hard",
        "question": "Which of these was the name of a bug found in April 2014 in the publicly available OpenSSL cryptography library?",
        "options": [
            "Corrupted Blood",
            "Shellshock",
            "Heartbleed",
            "Shellscript"
        ],
        "answer": "Heartbleed"
    },
    {
        "category": "Science: Computers",
        "difficulty": "hard",
        "question": "Which of these Cherry MX mechanical keyboard switches is both tactile and clicky?",
        "options": [
            "Cherry MX Brown",
            "Cherry MX Red",
            "Cherry MX Blue",
            "Cherry MX Black"
        ],
        "answer": "Cherry MX Blue"
    },
    {
        "category": "Science: Computers",
        "difficulty": "hard",
        "question": "Who is the original author of the realtime physics engine called PhysX?",
        "options": [
            "Ageia",
            "NovodeX",
            "AMD",
            "Nvidia"
        ],
        "answer": "NovodeX"
    },
    {
        "category": "Science: Computers",
        "difficulty": "hard",
        "question": "Which of these is not a key value of Agile software development?",
        "options": [
            "Customer collaboration",
            "Responding to change",
            "Individuals and interactions",
            "Comprehensive documentation"
        ],
        "answer": "Comprehensive documentation"
    },
    {
        "category": "Science: Computers",
        "difficulty": "hard",
        "question": "What does the International System of Quantities refer 1024 bytes as?",
        "options": [
            "Kelobyte",
            "Kylobyte",
            "Kibibyte",
            "Kilobyte"
        ],
        "answer": "Kibibyte"
    },
    {
        "category": "Science: Computers",
        "difficulty": "hard",
        "question": "What was the name of the first Bulgarian personal computer?",
        "options": [
            "IZOT 1030",
            "Pravetz 8D",
            "IMKO-1",
            "Pravetz 82"
        ],
        "answer": "IMKO-1"
    },
    {
        "category": "Science: Computers",
        "difficulty": "hard",
        "question": "Australia, Japan, and Southeast Asia are in which ITU Region?",
        "options": [
            "Region 1",
            "Region 2",
            "Region 3",
            "Region 4"
        ],
        "answer": "Region 3"
    },
    {
        "category": "Science: Computers",
        "difficulty": "hard",
        "question": "What was the name of the security vulnerability found in Bash in 2014?",
        "options": [
            "Heartbleed",
            "Stagefright",
            "Bashbug",
            "Shellshock"
        ],
        "answer": "Shellshock"
    },
    {
        "category": "Science: Computers",
        "difficulty": "hard",
        "question": "According to DeMorgan's Theorem, the Boolean expression (AB)' is equivalent to:",
        "options": [
            "AB' + AB",
            "A'B + B'A",
            "A'B'",
            "A' + B'"
        ],
        "answer": "A' + B'"
    },
    {
        "category": "Science: Computers",
        "difficulty": "hard",
        "question": "America Online (AOL) started out as which of these online service providers?",
        "options": [
            "CompuServe",
            "GEnie",
            "Prodigy",
            "Quantum Link"
        ],
        "answer": "Quantum Link"
    },
    {
        "category": "Science: Computers",
        "difficulty": "hard",
        "question": "The Harvard architecture for micro-controllers added which additional bus?",
        "options": [
            "Data",
            "Control",
            "Address",
            "Instruction"
        ],
        "answer": "Instruction"
    }
]