[
    {
        "category": "Politics",
        "difficulty": "medium",
        "question": "Who was the only president to not be in office in Washington D.C?",
        "options": [
            "Thomas Jefferson",
            "Richard Nixon",
            "Abraham Lincoln",
            "George Washington"
        ],
        "answer": "George Washington"
    },
    {
        "category": "Politics",
        "difficulty": "medium",
        "question": "What is former United States President Bill Clinton's full name?",
        "options": [
            "William Lincoln Clinton",
            "William Truman Clinton",
            "William Roosevelt Clinton",
            "William Jefferson Clinton"
        ],
        "answer": "William Jefferson Clinton"
    },
    {
        "category": "Politics",
        "difficulty": "medium",
        "question": "What are the first names of the first father and son pair that were both Prime Ministers of Canada?",
        "options": [
            "Justin and Pierre",
            "John and Louis",
            "Brian and Justin",
            "Brian and Pierre"
        ],
        "answer": "Justin and Pierre"
    },
    {
        "category": "Politics",
        "difficulty": "medium",
        "question": "Who was elected leader of the UK Labour Party in September 2015?",
        "options": [
            "Jeremy Corbyn",
            "Theresa May",
            "Ed Miliband",
            "David Cameron"
        ],
        "answer": "Jeremy Corbyn"
    },
    {
        "category": "Politics",
        "difficulty": "medium",
        "question": "Which former US president used \"Let's Make America Great Again\" as his campaign slogan before Donald Trump's campaign?",
        "options": [
            "Gerald Ford",
            "Richard Nixon",
            "Jimmy Carter",
            "Ronald Reagan"
        ],
        "answer": "Ronald Reagan"
    },
    {
        "category": "Politics",
        "difficulty": "medium",
        "question": "The Watergate Scandal occured in what year?",
        "options": [
            "1973",
            "1974",
            "1972",
            "1971"
        ],
        "answer": "1972"
    },
    {
        "category": "Politics",
        "difficulty": "medium",
        "question": "Which of the following Argentinian presidents was elected in 2015?",
        "options": [
            "Cristina Fernandez de Kirchner",
            "Nestor Kirchner",
            "Mauricio Macri",
            "Juan Domingo Peron"
        ],
        "answer": "Mauricio Macri"
    },
    {
        "category": "Politics",
        "difficulty": "medium",
        "question": "Which U.S. president is said to have had the longest beard?",
        "options": [
            "Zachary Taylor",
            "Rutherford B. Hayes",
            "John Quincy Adams",
            "James A. Garfield"
        ],
        "answer": "Rutherford B. Hayes"
    },
    {
        "category": "Politics",
        "difficulty": "medium",
        "question": "Who became Prime Minister of the United Kingdom in July 2016?",
        "options": [
            "Boris Johnson",
            "Theresa May",
            "Tony Blair",
            "David Cameron"
        ],
        "answer": "Theresa May"
    },
    {
        "category": "Politics",
        "difficulty": "medium",
        "question": "What year did Gerald Ford Become President?",
        "options": [
            "1974",
            "1977",
            "1973",
            "1969"
        ],
        "answer": "1974"
    },
    {
        "category": "Politics",
        "difficulty": "medium",
        "question": "Which president erased the national debt of the United States?",
        "options": [
            "John F. Kennedy",
            "Andrew Jackson",
            "Ronald Reagan",
            "Franklin Roosevelt"
        ],
        "answer": "Andrew Jackson"
    },
    {
        "category": "Politics",
        "difficulty": "medium",
        "question": "The 2014 movie \"The Raid 2: Berandal\" was mainly filmed in which Asian country?",
        "options": [
            "Malaysia",
            "Indonesia",
            "Thailand",
            "Brunei"
        ],
        "answer": "Indonesia"
    },
    {
        "category": "Politics",
        "difficulty": "medium",
        "question": "What is the primary purpose of the Fourth Amendment to the US Constitution?",
        "options": [
            "Protecting the right to keep and bear arms",
            "Preventing unreasonable searches and seizures",
            "Preventing cruel and unusual punishments",
            "Protecting against imprisonment without due process of law"
        ],
        "answer": "Preventing unreasonable searches and seizures"
    },
    {
        "category": "Politics",
        "difficulty": "medium",
        "question": "Before 2011, \"True Capitalist Radio\" was known by a different name. What was that name?",
        "options": [
            "True Republican Radio",
            "True Conservative Radio",
            "Texan Capitalist Radio",
            "United Capitalists"
        ],
        "answer": "True Conservative Radio"
    },
    {
        "category": "Politics",
        "difficulty": "medium",
        "question": "Before 2016, in which other year did Donald Trump run for President?",
        "options": [
            "2012",
            "2000",
            "1988",
            "2008"
        ],
        "answer": "2000"
    },
    {
        "category": "Politics",
        "difficulty": "hard",
        "question": "Which of these was an official candidate in the 2017 British General Election?",
        "options": [
            "Robert Wimbledon",
            "Sir Crumpetsby",
            "Lord Buckethead",
            "James Francis"
        ],
        "answer": "Lord Buckethead"
    },
    {
        "category": "Politics",
        "difficulty": "hard",
        "question": "What is the name of Niccol\u00f2 Machiavelli's work that argued effective leaders needed to crush their opponents at all costs?",
        "options": [
            "Love's Labours Lost",
            "The Prince",
            "The Rape of Lucrece",
            "Will to Power"
        ],
        "answer": "The Prince"
    },
    {
        "category": "Politics",
        "difficulty": "hard",
        "question": "What year did the effort to deploy the Common Core State Standards (CCSS) in the US begin?",
        "options": [
            "2009",
            "2012",
            "2006",
            "1997"
        ],
        "answer": "2009"
    },
    {
        "category": "Politics",
        "difficulty": "hard",
        "question": "Which nation joined NATO as its 29th member in 2017?",
        "options": [
            "Montenegro",
            "Andorra",
            "Estonia",
            "Iceland"
        ],
        "answer": "Montenegro"
    },
    {
        "category": "Politics",
        "difficulty": "hard",
        "question": "Which major bank's collapse was notable as one of the causes of the Financal Crisis of 2008?",
        "options": [
            "Barclays",
            "HSBC",
            "Lloyds",
            "Lehman Brothers"
        ],
        "answer": "Lehman Brothers"
    },
    {
        "category": "Politics",
        "difficulty": "hard",
        "question": "Which letter do you need to have on a European driver license in order to ride any motorbikes?",
        "options": [
            "A",
            "D",
            "B",
            "X"
        ],
        "answer": "A"
    },
    {
        "category": "Politics",
        "difficulty": "hard",
        "question": "Starting from 2000, China banned manufacturing and sales of all video game consoles. On which year was this ban lifted?",
        "options": [
            "2015",
            "2008",
            "2012",
            "2017"
        ],
        "answer": "2015"
    },
    {
        "category": "Politics",
        "difficulty": "hard",
        "question": "Who was the longest-serving senator in US history, serving from 1959 to 2010?",
        "options": [
            "Strom Thurmond",
            "Daniel Inouye",
            "Joe Biden",
            "Robert Byrd"
        ],
        "answer": "Robert Byrd"
    },
    {
        "category": "Politics",
        "difficulty": "hard",
        "question": "Who is the only US president to serve two non-consecutive terms in office?",
        "options": [
            "Thomas Jefferson",
            "Grover Cleveland",
            "James K. Polk",
            "Franklin D. Roosevelt"
        ],
        "answer": "Grover Cleveland"
    },
    {
        "category": "Politics",
        "difficulty": "hard",
        "question": "Which of the following United States Presidents served the shortest term in office?",
        "options": [
            "Warren G. Harding",
            "William Henry Harrison",
            "Zachary Taylor",
            "James A. Garfield"
        ],
        "answer": "William Henry Harrison"
    },
    {
        "category": "Politics",
        "difficulty": "hard",
        "question": "What is centralism?",
        "options": [
            " Concentration of power and authority in a central organization.",
            "Conforming to one single common political agenda.",
            "Remaining politically neutral.",
            "The grey area in the spectrum of political left and right."
        ],
        "answer": " Concentration of power and authority in a central organization."
    },
    {
        "category": "Politics",
        "difficulty": "hard",
        "question": "Which of the following United States senators is known for performing a 24-hour long filibuster?",
        "options": [
            "John Barrasso",
            "Strom Thurmond",
            "Roy Blunt",
            "Chuck Schumer"
        ],
        "answer": "Strom Thurmond"
    },
    {
        "category": "Politics",
        "difficulty": "hard",
        "question": "In June 2017, Saudi Arabia and Egypt broke off ties with which country over its supposed support for terrorism?",
        "options": [
            "United States of America",
            "Bahrain",
            "Qatar",
            "Russia"
        ],
        "answer": "Qatar"
    },
    {
        "category": "Politics",
        "difficulty": "hard",
        "question": "Which US state was the first to allow women to vote in 1869?",
        "options": [
            "Delaware",
            "Wyoming",
            "Virginia",
            "California"
        ],
        "answer": "Wyoming"
    },
    {
        "category": "Politics",
        "difficulty": "hard",
        "question": "\"Yes, America Can!\" was this United States politician's de facto campaign slogan in 2004.",
        "options": [
            "John Kerry",
            "George W. Bush",
            "Barack Obama",
            "Al Gore"
        ],
        "answer": "George W. Bush"
    }
]