[
    {
        "category": "Entertainment: Film",
        "difficulty": "easy",
        "question": "Who played Thanos in Avengers: Infinity War and Avengers: End Game?",
        "options": [
            "Tom Hiddleston",
            "Sean Gunn",
            "Adam Sandler",
            "Josh Brolin"
        ],
        "answer": "Josh Brolin"
    },
    {
        "category": "Entertainment: Film",
        "difficulty": "easy",
        "question": "In the 1995 film \"Balto\", who are Steele's accomplices?",
        "options": [
            "Dusty, Kirby, and Ralph",
            "Kaltag, Nikki, and Star",
            "Jenna, Sylvie, and Dixie",
            "Nuk, Yak, and Sumac"
        ],
        "answer": "Kaltag, Nikki, and Star"
    },
    {
        "category": "Entertainment: Film",
        "difficulty": "easy",
        "question": "In the Super Mario Bros. Movie (2023), who plays Toad?",
        "options": [
            "Seth Rogan",
            "Keegan-Michael Key",
            "Jack Black",
            "Charlie Day"
        ],
        "answer": "Keegan-Michael Key"
    },
    {
        "category": "Entertainment: Film",
        "difficulty": "easy",
        "question": "Which of these actors/actresses is NOT a part of the cast for the 2016 movie \"Suicide Squad\"?",
        "options": [
            "Will Smith",
            "Scarlett Johansson",
            "Jared Leto",
            "Margot Robbie"
        ],
        "answer": "Scarlett Johansson"
    },
    {
        "category": "Entertainment: Film",
        "difficulty": "easy",
        "question": "Who played the female lead in the 1933 film \"King Kong\"?",
        "options": [
            "Mae West",
            "Fay Wray",
            "Jean Harlow",
            "Vivien Leigh"
        ],
        "answer": "Fay Wray"
    },
    {
        "category": "Entertainment: Film",
        "difficulty": "easy",
        "question": "Which film has been critically regarded as the best film of all time?",
        "options": [
            "The Room",
            "Avatar",
            "The Godfather Part II",
            "Citizen Kane"
        ],
        "answer": "Citizen Kane"
    },
    {
        "category": "Entertainment: Film",
        "difficulty": "easy",
        "question": "Which movie includes a giant bunny-like spirit who has magic powers including growing trees?",
        "options": [
            "My Neighbor Totoro",
            "Hop",
            "Alice in Wonderland",
            "Rise of the Guardians"
        ],
        "answer": "My Neighbor Totoro"
    },
    {
        "category": "Entertainment: Film",
        "difficulty": "easy",
        "question": "What was the first monster to appear alongside Godzilla?",
        "options": [
            "King Kong",
            "Anguirus",
            "Mothra",
            "King Ghidora"
        ],
        "answer": "Anguirus"
    },
    {
        "category": "Entertainment: Film",
        "difficulty": "easy",
        "question": "The 1996 film 'Fargo' is primarily set in which US state?",
        "options": [
            "Wisconsin",
            "Minnesota",
            "South Dakota",
            "North Dakota"
        ],
        "answer": "Minnesota"
    },
    {
        "category": "Entertainment: Film",
        "difficulty": "easy",
        "question": "What was Bruce Campbell's iconic one-liner after getting a chainsaw hand in Evil Dead 2?",
        "options": [
            "Gnarly.",
            "Nice.",
            "Groovy.",
            "Perfect."
        ],
        "answer": "Groovy."
    },
    {
        "category": "Entertainment: Film",
        "difficulty": "easy",
        "question": "Where does the original Friday The 13th movie take place?",
        "options": [
            "Packanack",
            "Higgins Haven",
            "Camp Crystal Lake",
            "Camp Forest Green"
        ],
        "answer": "Camp Crystal Lake"
    },
    {
        "category": "Entertainment: Film",
        "difficulty": "easy",
        "question": "At the end of the 2001 film \"Rat Race\", whose concert do the contestants crash?",
        "options": [
            "Smash Mouth",
            "Sum 41",
            "Linkin Park",
            "Bowling for Soup"
        ],
        "answer": "Smash Mouth"
    },
    {
        "category": "Entertainment: Film",
        "difficulty": "easy",
        "question": "7-Eleven stores were temporarily converted into Kwik E-marts to promote the release of what movie?",
        "options": [
            "Spider-Man 3",
            "The Simpsons Movie",
            "Shrek the Third",
            "Ratatouille"
        ],
        "answer": "The Simpsons Movie"
    },
    {
        "category": "Entertainment: Film",
        "difficulty": "easy",
        "question": "Which actor plays Obi-Wan Kenobi in Star Wars Episodes I-III?",
        "options": [
            "Liam Neeson",
            "Hayden Christensen",
            "Ewan McGregor",
            "Alec Guinness"
        ],
        "answer": "Ewan McGregor"
    },
    {
        "category": "Entertainment: Film",
        "difficulty": "easy",
        "question": "Which of the following movies was not based on a novel by Stephen King? ",
        "options": [
            "The Thing",
            "Carrie",
            "The Green Mile",
            "Misery"
        ],
        "answer": "The Thing"
    },
    {
        "category": "Entertainment: Film",
        "difficulty": "easy",
        "question": "Ewan McGregor did not know the name of the second prequel film of Star Wars during and after filming.",
        "options": [
            "False",
            "True"
        ],
        "answer": "True"
    },
    {
        "category": "Entertainment: Film",
        "difficulty": "easy",
        "question": "The film \"2001: A Space Odyssey\" was released on December 31st, 2000.",
        "options": [
            "True",
            "False"
        ],
        "answer": "False"
    },
    {
        "category": "Entertainment: Film",
        "difficulty": "easy",
        "question": "Shaquille O'Neal appeared in the 1997 film \"Space Jam\".",
        "options": [
            "False",
            "True"
        ],
        "answer": "False"
    },
    {
        "category": "Entertainment: Film",
        "difficulty": "easy",
        "question": "\"Minions\" was released on the June 10th, 2015.",
        "options": [
            "False",
            "True"
        ],
        "answer": "False"
    },
    {
        "category": "Entertainment: Film",
        "difficulty": "easy",
        "question": "\"Foodfight!\" earned less than $80,000 at box office.",
        "options": [
            "True",
            "False"
        ],
        "answer": "True"
    },
    {
        "category": "Entertainment: Film",
        "difficulty": "easy",
        "question": "Han Solo's co-pilot and best friend, \"Chewbacca\", is an Ewok.",
        "options": [
            "True",
            "False"
        ],
        "answer": "False"
    },
    {
        "category": "Entertainment: Film",
        "difficulty": "easy",
        "question": "The word \"Inception\" came from the 2010 blockbuster hit \"Inception\".",
        "options": [
            "False",
            "True"
        ],
        "answer": "False"
    },
    {
        "category": "Entertainment: Film",
        "difficulty": "easy",
        "question": "In the original Star Wars trilogy, Alec Guinness provided the voice for Darth Vader.",
        "options": [
            "False",
            "True"
        ],
        "answer": "False"
    },
    {
        "category": "Entertainment: Film",
        "difficulty": "easy",
        "question": "Leonardo DiCaprio won an Oscar for Best Actor in 2004's \"The Aviator\".",
        "options": [
            "False",
            "True"
        ],
        "answer": "False"
    },
    {
        "category": "Entertainment: Film",
        "difficulty": "easy",
        "question": "In the original Star Wars trilogy, David Prowse was the actor who physically portrayed Darth Vader.",
        "options": [
            "True",
            "False"
        ],
        "answer": "True"
    },
    {
        "category": "Entertainment: Film",
        "difficulty": "easy",
        "question": "In the movie The Revenant, DiCaprio's character hunts down the killer of his son.",
        "options": [
            "True",
            "False"
        ],
        "answer": "True"
    },
    {
        "category": "Entertainment: Film",
        "difficulty": "easy",
        "question": "George Lucas directed the entire original Star Wars trilogy.",
        "options": [
            "False",
            "True"
        ],
        "answer": "False"
    },
    {
        "category": "Entertainment: Film",
        "difficulty": "easy",
        "question": "The 2010 film \"The Social Network\" is a biographical drama film about MySpace founder Tom Anderson.",
        "options": [
            "True",
            "False"
        ],
        "answer": "False"
    },
    {
        "category": "Entertainment: Film",
        "difficulty": "easy",
        "question": "Brandon Routh plays the titular character in the movie \"John Wick\".",
        "options": [
            "True",
            "False"
        ],
        "answer": "False"
    },
    {
        "category": "Entertainment: Film",
        "difficulty": "easy",
        "question": "The movie \"The Nightmare before Christmas\" was all done with physical objects.",
        "options": [
            "False",
            "True"
        ],
        "answer": "True"
    },
    {
        "category": "Entertainment: Film",
        "difficulty": "medium",
        "question": "Before getting the shotgun, what did the titular hobo in 'Hobo with a Shotgun' want to purchase?",
        "options": [
            "a lawnmower",
            "a revolver",
            "a suit",
            "a guitar"
        ],
        "answer": "a lawnmower"
    },
    {
        "category": "Entertainment: Film",
        "difficulty": "medium",
        "question": "Which of the following is NOT a quote from the 1942 film Casablanca? ",
        "options": [
            "\"Here's lookin' at you, kid.\"",
            "\u201cOf all the gin joints, in all the towns, in all the world, she walks into mine\u2026\u201d",
            "\"Frankly, my dear, I don't give a damn.\"",
            "\"Round up the usual suspects.\""
        ],
        "answer": "\"Frankly, my dear, I don't give a damn.\""
    },
    {
        "category": "Entertainment: Film",
        "difficulty": "medium",
        "question": "Which of the following films was NOT directed by Quentin Tarantino?",
        "options": [
            "Jackie Brown",
            "Pulp Fiction",
            "Reservoir Dogs",
            "From Dusk till Dawn"
        ],
        "answer": "From Dusk till Dawn"
    },
    {
        "category": "Entertainment: Film",
        "difficulty": "medium",
        "question": "Which 90's comedy cult classic features cameos appearances from Meat Loaf, Alice Cooper and Chris Farley?",
        "options": [
            "Dumb and Dumber",
            "Wayne's World",
            "Bill & Ted's Excellent Adventure",
            "Austin Powers: International Man of Mystery"
        ],
        "answer": "Wayne's World"
    },
    {
        "category": "Entertainment: Film",
        "difficulty": "medium",
        "question": "What film did James Cameron's Avatar dethrone as the highest-grossing film ever?",
        "options": [
            "Jaws",
            "Titanic",
            "Gone with the Wind",
            "Star Wars"
        ],
        "answer": "Titanic"
    },
    {
        "category": "Entertainment: Film",
        "difficulty": "medium",
        "question": "Which Marvel superhero did Chris Evans play prior to his role as Captain America?",
        "options": [
            "Human Torch",
            "Cyclops",
            "Iceman",
            "Daredevil"
        ],
        "answer": "Human Torch"
    },
    {
        "category": "Entertainment: Film",
        "difficulty": "medium",
        "question": "In the 1971 film \"Willy Wonka & the Chocolate Factory\", who played Willy Wonka?",
        "options": [
            "Johnny Depp",
            "Shia LeBouf",
            "Gene Wilder",
            "Peter Ostrum"
        ],
        "answer": "Gene Wilder"
    },
    {
        "category": "Entertainment: Film",
        "difficulty": "medium",
        "question": "How much money did the 2019 Marvel movie \"Avengers: Endgame\" gross for it's record-breaking worldwide opening weekend?",
        "options": [
            "392 million USD",
            "640 million USD",
            "1.2 billion USD",
            "456 million USD"
        ],
        "answer": "1.2 billion USD"
    },
    {
        "category": "Entertainment: Film",
        "difficulty": "medium",
        "question": "In the Friday The 13th series, what is Jason's mother's first name?",
        "options": [
            "Christine",
            "Pamela",
            "Mary",
            "Angeline"
        ],
        "answer": "Pamela"
    },
    {
        "category": "Entertainment: Film",
        "difficulty": "medium",
        "question": "What was Marilyn Monroe`s character's first name in the film \"Some Like It Hot\"?",
        "options": [
            "Caramel",
            "Honey",
            "Sugar",
            "Candy"
        ],
        "answer": "Sugar"
    },
    {
        "category": "Entertainment: Film",
        "difficulty": "medium",
        "question": "In the 1979 British film \"Quadrophenia\" what is the name of the main protagonist?",
        "options": [
            "Pete Townshend",
            "Jimmy Cooper",
            "Franc Roddam",
            "Archie Bunker"
        ],
        "answer": "Jimmy Cooper"
    },
    {
        "category": "Entertainment: Film",
        "difficulty": "medium",
        "question": "What is the correct spelling of the protagonist of the book in The NeverEnding Story (1984)?",
        "options": [
            "Atreyu",
            "Atraiyu",
            "Atrayu",
            "Atraeyu"
        ],
        "answer": "Atreyu"
    },
    {
        "category": "Entertainment: Film",
        "difficulty": "medium",
        "question": "Actress Susan Sarandon caught pneumonia during filming of which movie?",
        "options": [
            "The Rocky Horror Picture Show",
            "Thelma and Louise",
            "Enchanted",
            "Dead Man Walking"
        ],
        "answer": "The Rocky Horror Picture Show"
    },
    {
        "category": "Entertainment: Film",
        "difficulty": "medium",
        "question": "What is the name of the Artificial Intelligence system in the 1983 film, \"WarGames\"?",
        "options": [
            "Self Evolving Thought Helix",
            "War Operation Plan Response",
            "Master Control Program",
            "West Campus Analog Computer"
        ],
        "answer": "War Operation Plan Response"
    },
    {
        "category": "Entertainment: Film",
        "difficulty": "medium",
        "question": "What is the correct phrase for the Latin saying \"Romanes Eunt Domus\" in Monty Python's Life of Brian?",
        "options": [
            "Roxani Ite Domum",
            "Romans Go Home",
            "Romani Ite Domum",
            "Tomate Ite Domum"
        ],
        "answer": "Romani Ite Domum"
    },
    {
        "category": "Entertainment: Film",
        "difficulty": "hard",
        "question": "Which of the following films was directed by Ivan Reitman, written by Gary Ross, featured Kevin Kline, and was released in 1993?",
        "options": [
            "Dave",
            "Carl",
            "Will",
            "John"
        ],
        "answer": "Dave"
    },
    {
        "category": "Entertainment: Film",
        "difficulty": "hard",
        "question": "What was Humphrey Bogart's middle name?",
        "options": [
            "DeForest",
            "Steven",
            "Bryce",
            "DeWinter"
        ],
        "answer": "DeForest"
    },
    {
        "category": "Entertainment: Film",
        "difficulty": "hard",
        "question": "In what year does Jurassic World open in the \"Jurassic Park\" universe?",
        "options": [
            "2020",
            "2005",
            "2007",
            "2015"
        ],
        "answer": "2005"
    },
    {
        "category": "Entertainment: Film",
        "difficulty": "hard",
        "question": "Which boxer was famous for striking the gong in the introduction to J. Arthur Rank films?",
        "options": [
            "Don Cockell",
            "Freddie Mills",
            "Bombardier Billy Wells",
            "Terry Spinks"
        ],
        "answer": "Bombardier Billy Wells"
    },
    {
        "category": "Entertainment: Film",
        "difficulty": "hard",
        "question": "Which singer is portrayed by Bruce Campbell in the 2002 film 'Bubba Ho-Tep'?",
        "options": [
            "Hank Williams, Sr.",
            "Johnny Cash",
            "Elvis Presley",
            "Buddy Holly"
        ],
        "answer": "Elvis Presley"
    },
    {
        "category": "Entertainment: Film",
        "difficulty": "hard",
        "question": "In the film \"Harry Potter and the Order of The Phoenix\", why was Harry Potter's scream, after Sirius Black died, muted?",
        "options": [
            "Too Loud",
            "Too Violent",
            "Too Harsh",
            "Too Agonizing"
        ],
        "answer": "Too Agonizing"
    },
    {
        "category": "Entertainment: Film",
        "difficulty": "hard",
        "question": "In the 1974 Christmas flick \"The Year Without a Santa Claus,\" what are the names of the two elves who help Mrs. Claus save Christmas?",
        "options": [
            "Buddy & Bobby",
            "Holly & Jolly",
            "Jingle & Jangle",
            "Snowflake & Icicle"
        ],
        "answer": "Jingle & Jangle"
    },
    {
        "category": "Entertainment: Film",
        "difficulty": "hard",
        "question": "In 2012, which movie won every category in the 32nd \"Golden Raspberry Awards\"?",
        "options": [
            "The Girl with the Dragon Tattoo",
            "Thor",
            "Jack and Jill",
            "The King's Speech"
        ],
        "answer": "Jack and Jill"
    },
    {
        "category": "Entertainment: Film",
        "difficulty": "hard",
        "question": "In what year was the first Indian movie submitted for an Oscar?",
        "options": [
            "1962",
            "1938",
            "1954",
            "1957"
        ],
        "answer": "1957"
    },
    {
        "category": "Entertainment: Film",
        "difficulty": "hard",
        "question": "What was the name of the planet in \"Aliens\"?",
        "options": [
            "DI-621",
            "FR-838",
            "Weyland Yutani Corporation Base",
            "LV-426"
        ],
        "answer": "LV-426"
    },
    {
        "category": "Entertainment: Film",
        "difficulty": "hard",
        "question": "What did Alfred Hitchcock use as blood in the film \"Psycho\"? ",
        "options": [
            "Red food coloring",
            "Maple syrup",
            "Ketchup",
            "Chocolate syrup"
        ],
        "answer": "Chocolate syrup"
    },
    {
        "category": "Entertainment: Film",
        "difficulty": "hard",
        "question": "The film Mad Max: Fury Road features the Dies Irae  from which composer's requiem?",
        "options": [
            "Mozart",
            "Brahms",
            "Verdi",
            "Berlioz"
        ],
        "answer": "Verdi"
    },
    {
        "category": "Entertainment: Film",
        "difficulty": "hard",
        "question": "Which sci-fi cult films plot concerns aliens attempting to prevent humans from creating a doomsday weapon?",
        "options": [
            "It Came from Outer Space",
            "The Day The Earth Stood Still",
            "The Man from Planet X",
            "Plan 9 from Outer Space"
        ],
        "answer": "Plan 9 from Outer Space"
    },
    {
        "category": "Entertainment: Film",
        "difficulty": "hard",
        "question": "In the 1964 film \"Zulu\", what song does the British Army company sing before the final battle?",
        "options": [
            "Men of Harlech",
            "Colonel Bogey March",
            "The British Grenadiers",
            "Scotland the Brave"
        ],
        "answer": "Men of Harlech"
    },
    {
        "category": "Entertainment: Film",
        "difficulty": "hard",
        "question": "In the film \"Interstellar\", how long did they spend on Miller's planet?",
        "options": [
            "23 years, 4 months, and 8 days",
            "26 years, 4 months, and 10 days",
            "10 months and 6 days",
            "15 years, 2 months, and 15 days"
        ],
        "answer": "23 years, 4 months, and 8 days"
    }
]