[
    {
        "category": "Entertainment: Music",
        "difficulty": "easy",
        "question": "What is not a wind instrument?",
        "options": [
            "Oboe",
            "Duduk",
            "Trombone",
            "Viola"
        ],
        "answer": "Viola"
    },
    {
        "category": "Entertainment: Music",
        "difficulty": "easy",
        "question": "Whose signature guitar technique is called the \"windmill\"?",
        "options": [
            "Eddie Van Halen",
            "Jimi Hendrix",
            "Jimmy Page",
            "Pete Townshend"
        ],
        "answer": "Pete Townshend"
    },
    {
        "category": "Entertainment: Music",
        "difficulty": "easy",
        "question": "Which of these is the name of a song by Tears for Fears?",
        "options": [
            "Yell",
            "Shout",
            "Scream",
            "Shriek"
        ],
        "answer": "Shout"
    },
    {
        "category": "Entertainment: Music",
        "difficulty": "easy",
        "question": "Whose albums included \"Back in Black\" and \"Ballbreaker\"?",
        "options": [
            "Metallica",
            "AC/DC",
            "Black Sabbath",
            "Iron Maiden"
        ],
        "answer": "AC/DC"
    },
    {
        "category": "Entertainment: Music",
        "difficulty": "easy",
        "question": "What Led Zeppelin album contains \"Stairway to Heaven\"?",
        "options": [
            "Houses of the Holy",
            "Led Zeppelin IV",
            "Physical Graffiti",
            "Led Zeppelin III"
        ],
        "answer": "Led Zeppelin IV"
    },
    {
        "category": "Entertainment: Music",
        "difficulty": "easy",
        "question": "Which famous rapper is featured in Jack \u00dc (Skrillex and Diplo)'s 2015 single called \"Febreze\"?",
        "options": [
            "Fatman Scoop",
            "2 Chainz",
            "Kendrick Lamar",
            "Future"
        ],
        "answer": "2 Chainz"
    },
    {
        "category": "Entertainment: Music",
        "difficulty": "easy",
        "question": "Which country does the band Rammstein hail from?",
        "options": [
            "Germany",
            "Armenia",
            "Belgium",
            "Austria"
        ],
        "answer": "Germany"
    },
    {
        "category": "Entertainment: Music",
        "difficulty": "easy",
        "question": "The Red Hot Chili Pepper song \"Give It Away\" is from what album?",
        "options": [
            "Blood Sugar Sex Magik",
            "Stadium Arcadium",
            "By the Way",
            "One Hot Minute"
        ],
        "answer": "Blood Sugar Sex Magik"
    },
    {
        "category": "Entertainment: Music",
        "difficulty": "easy",
        "question": "Which former boy-band star released hit solo single \"Angels\" in 1997?",
        "options": [
            "Robbie Williams",
            "Harry Styles",
            "Gary Barlow",
            "Justin Timberlake"
        ],
        "answer": "Robbie Williams"
    },
    {
        "category": "Entertainment: Music",
        "difficulty": "easy",
        "question": "Which singer was featured in Jack \u00dc (Skrillex & Diplo)'s 2015 song 'Where Are \u00dc Now'?",
        "options": [
            "The Weeknd",
            "Ellie Goulding",
            "Selena Gomez",
            "Justin Bieber"
        ],
        "answer": "Justin Bieber"
    },
    {
        "category": "Entertainment: Music",
        "difficulty": "easy",
        "question": "What was Daft Punk's first studio album?",
        "options": [
            "Discovery",
            "Homework",
            "Human After All",
            "Random Access Memories"
        ],
        "answer": "Homework"
    },
    {
        "category": "Entertainment: Music",
        "difficulty": "easy",
        "question": "Brian May was the guitarist for which band?",
        "options": [
            "Rolling Stones",
            "The Doors",
            "Queen",
            "Pink Floyd"
        ],
        "answer": "Queen"
    },
    {
        "category": "Entertainment: Music",
        "difficulty": "easy",
        "question": "Who had a 1983 hit with the song 'Africa'?",
        "options": [
            "Steely Dan",
            "Journey",
            "Foreigner",
            "Toto"
        ],
        "answer": "Toto"
    },
    {
        "category": "Entertainment: Music",
        "difficulty": "easy",
        "question": "When was Gangnam Style uploaded to YouTube?",
        "options": [
            "2011",
            "2014",
            "2012",
            "2013"
        ],
        "answer": "2012"
    },
    {
        "category": "Entertainment: Music",
        "difficulty": "easy",
        "question": "The \"British Invasion\" was a cultural phenomenon in music where British boy bands became popular in the USA in what decade?",
        "options": [
            "60's",
            "30's",
            "50's",
            "40's"
        ],
        "answer": "60's"
    },
    {
        "category": "Entertainment: Music",
        "difficulty": "easy",
        "question": "Muse is a British (English) rock band",
        "options": [
            "True",
            "False"
        ],
        "answer": "True"
    },
    {
        "category": "Entertainment: Music",
        "difficulty": "easy",
        "question": "Scatman John's real name was John Paul Larkin.",
        "options": [
            "False",
            "True"
        ],
        "answer": "True"
    },
    {
        "category": "Entertainment: Music",
        "difficulty": "easy",
        "question": "The song \"Stronger Than You\" is a single by Estelle, who played Garnet in Steven Universe.",
        "options": [
            "True",
            "False"
        ],
        "answer": "True"
    },
    {
        "category": "Entertainment: Music",
        "difficulty": "easy",
        "question": "Korean girl group, TWICE, consists of 9 members",
        "options": [
            "False",
            "True"
        ],
        "answer": "True"
    },
    {
        "category": "Entertainment: Music",
        "difficulty": "easy",
        "question": "A Saxophone is a brass instrument.",
        "options": [
            "True",
            "False"
        ],
        "answer": "False"
    },
    {
        "category": "Entertainment: Music",
        "difficulty": "easy",
        "question": "In 1993, Prince changed his name to an unpronounceable symbol because he was unhappy with his contract with Warner Bros.",
        "options": [
            "True",
            "False"
        ],
        "answer": "True"
    },
    {
        "category": "Entertainment: Music",
        "difficulty": "easy",
        "question": "The music video to The Buggle's \"Video Killed the Radio Star\" was the first music video to broadcast on MTV.",
        "options": [
            "True",
            "False"
        ],
        "answer": "True"
    },
    {
        "category": "Entertainment: Music",
        "difficulty": "easy",
        "question": "The music group Daft Punk got their name from a negative review they received.",
        "options": [
            "True",
            "False"
        ],
        "answer": "True"
    },
    {
        "category": "Entertainment: Music",
        "difficulty": "easy",
        "question": "The 2011 movie \"The Adventures of Tintin\" was directed by Steven Spielberg.",
        "options": [
            "True",
            "False"
        ],
        "answer": "True"
    },
    {
        "category": "Entertainment: Music",
        "difficulty": "easy",
        "question": "Daft Punk originated in France.",
        "options": [
            "True",
            "False"
        ],
        "answer": "True"
    },
    {
        "category": "Entertainment: Music",
        "difficulty": "easy",
        "question": "The alternative rock band, They Might Be Giants, released their album 'Flood' in 1990. ",
        "options": [
            "True",
            "False"
        ],
        "answer": "True"
    },
    {
        "category": "Entertainment: Music",
        "difficulty": "easy",
        "question": "John Williams composed the music for \"Star Wars\".",
        "options": [
            "False",
            "True"
        ],
        "answer": "True"
    },
    {
        "category": "Entertainment: Music",
        "difficulty": "easy",
        "question": "Stevie Wonder's real name is Stevland Hardaway Morris.",
        "options": [
            "False",
            "True"
        ],
        "answer": "True"
    },
    {
        "category": "Entertainment: Music",
        "difficulty": "easy",
        "question": "Lead Singer Rivers Cuomo of American rock band Weezer attended Harvard.",
        "options": [
            "True",
            "False"
        ],
        "answer": "True"
    },
    {
        "category": "Entertainment: Music",
        "difficulty": "easy",
        "question": "American rapper Dr. Dre actually has a Ph.D. doctorate.",
        "options": [
            "False",
            "True"
        ],
        "answer": "False"
    },
    {
        "category": "Entertainment: Music",
        "difficulty": "medium",
        "question": "In what year was the smash hit song \"Scatman's World\" released?",
        "options": [
            "1994",
            "1996",
            "1995",
            "1993"
        ],
        "answer": "1995"
    },
    {
        "category": "Entertainment: Music",
        "difficulty": "medium",
        "question": "Which Toronto landmark was featured on the cover art of Canadian rapper Drake's 2016 album \"Views\"?",
        "options": [
            "Allan Gardens",
            "CN Tower",
            "Union Station",
            "Prince of Wales Theatre"
        ],
        "answer": "CN Tower"
    },
    {
        "category": "Entertainment: Music",
        "difficulty": "medium",
        "question": "When did Tame Impala release their second album?",
        "options": [
            "2010",
            "2012",
            "1967",
            "2015"
        ],
        "answer": "2012"
    },
    {
        "category": "Entertainment: Music",
        "difficulty": "medium",
        "question": "In what year did US band Weezer release Weezer (The White Album)?",
        "options": [
            "2016",
            "2001",
            "2008",
            "2019"
        ],
        "answer": "2016"
    },
    {
        "category": "Entertainment: Music",
        "difficulty": "medium",
        "question": "What is the relationship between the band members of American rock band King of Leon?",
        "options": [
            "Brothers & cousins",
            "Childhood friends",
            "Fraternity house members",
            "Former classmates"
        ],
        "answer": "Brothers & cousins"
    },
    {
        "category": "Entertainment: Music",
        "difficulty": "medium",
        "question": "What album did Gorillaz release in 2017?",
        "options": [
            "The Fall",
            "Demon Days",
            "Humanz",
            "Plastic Beach"
        ],
        "answer": "Humanz"
    },
    {
        "category": "Entertainment: Music",
        "difficulty": "medium",
        "question": "The Proclaimers - I'm Gonna Be (500 Miles) reached what position on the US Hot 100 Charts in 1993?",
        "options": [
            "3rd",
            "1st",
            "8th",
            "5th"
        ],
        "answer": "3rd"
    },
    {
        "category": "Entertainment: Music",
        "difficulty": "medium",
        "question": "When did The Beatles release the LP \"Please Please Me\"?",
        "options": [
            "1969",
            "1963",
            "1960",
            "1970"
        ],
        "answer": "1963"
    },
    {
        "category": "Entertainment: Music",
        "difficulty": "medium",
        "question": "Which of the following guitarists recorded an album as a member of the Red Hot Chili Peppers?",
        "options": [
            "Billy Corgan",
            "Dave Navarro",
            "Tom Morello ",
            "Ed O'Brien"
        ],
        "answer": "Dave Navarro"
    },
    {
        "category": "Entertainment: Music",
        "difficulty": "medium",
        "question": "When was the 3rd album \"Notes from the Underground\" of the band \"Hollywood Undead\" released?",
        "options": [
            "2013",
            "2014",
            "2009",
            "2011"
        ],
        "answer": "2013"
    },
    {
        "category": "Entertainment: Music",
        "difficulty": "medium",
        "question": "Which Aerosmith album featured \"Walk This Way\"?",
        "options": [
            "Get Your Wings",
            "Rocks",
            "Toys in the Attic",
            "Draw the Line"
        ],
        "answer": "Toys in the Attic"
    },
    {
        "category": "Entertainment: Music",
        "difficulty": "medium",
        "question": "What was Britney Spears' debut single?",
        "options": [
            "Toxic",
            "(You Drive Me) Crazy",
            "Oops!... I Did It Again",
            "...Baby One More Time"
        ],
        "answer": "...Baby One More Time"
    },
    {
        "category": "Entertainment: Music",
        "difficulty": "medium",
        "question": "Which member of the British pop group \"The Spice Girls\" was known as Ginger Spice?",
        "options": [
            "Melanie Brown",
            "Geri Halliwell",
            "Emma Bunton",
            "Victoria Beckham"
        ],
        "answer": "Geri Halliwell"
    },
    {
        "category": "Entertainment: Music",
        "difficulty": "medium",
        "question": "What is Brian May's guitar called?",
        "options": [
            "Blue Special",
            "Green Special",
            "Yellow Special",
            "Red Special"
        ],
        "answer": "Red Special"
    },
    {
        "category": "Entertainment: Music",
        "difficulty": "medium",
        "question": "Who had a US and UK number 1 hit in 1962 with the instrumental, 'Telstar'?",
        "options": [
            "The Ventures",
            "The Tremeloes",
            "The Tornados",
            "The Spotnicks"
        ],
        "answer": "The Tornados"
    },
    {
        "category": "Entertainment: Music",
        "difficulty": "medium",
        "question": "The 1969 Frank Sinatra Song \"My Way\" was ironically not written by him.",
        "options": [
            "True",
            "False"
        ],
        "answer": "True"
    },
    {
        "category": "Entertainment: Music",
        "difficulty": "medium",
        "question": "The band \"Panic! At the Disco\" has released 4 albums total",
        "options": [
            "True",
            "False"
        ],
        "answer": "False"
    },
    {
        "category": "Entertainment: Music",
        "difficulty": "medium",
        "question": "Pink Guy's debut album was \"Pink Season\".",
        "options": [
            "True",
            "False"
        ],
        "answer": "False"
    },
    {
        "category": "Entertainment: Music",
        "difficulty": "medium",
        "question": "Ashley Frangipane performs under the stage name Halsey.",
        "options": [
            "True",
            "False"
        ],
        "answer": "True"
    },
    {
        "category": "Entertainment: Music",
        "difficulty": "medium",
        "question": "Scottish producer Calvin Harris is from the town of Dumfries, Scotland.",
        "options": [
            "False",
            "True"
        ],
        "answer": "True"
    },
    {
        "category": "Entertainment: Music",
        "difficulty": "medium",
        "question": "Rapper Snoop Dogg's real name is 'Cordozar Calvin Broadus, Jr.'.",
        "options": [
            "False",
            "True"
        ],
        "answer": "True"
    },
    {
        "category": "Entertainment: Music",
        "difficulty": "medium",
        "question": "Pink Floyd's 1973 album \"Animals\" features a photograph of Battersea Power Station.",
        "options": [
            "False",
            "True"
        ],
        "answer": "True"
    },
    {
        "category": "Entertainment: Music",
        "difficulty": "medium",
        "question": "Musical artist, Future, collaborated with Kendrick Lamar for the song: \"Mask Off\".",
        "options": [
            "False",
            "True"
        ],
        "answer": "True"
    },
    {
        "category": "Entertainment: Music",
        "difficulty": "medium",
        "question": "\"The Division Bell\" is the final album of the progressive rock band Pink Floyd.",
        "options": [
            "False",
            "True"
        ],
        "answer": "False"
    },
    {
        "category": "Entertainment: Music",
        "difficulty": "medium",
        "question": "The Beatles' band name was inspired by the band The Crickets.",
        "options": [
            "True",
            "False"
        ],
        "answer": "True"
    },
    {
        "category": "Entertainment: Music",
        "difficulty": "medium",
        "question": "Norwegian producer Kygo released a remix of the song \"Sexual Healing\" by Marvin Gaye.",
        "options": [
            "False",
            "True"
        ],
        "answer": "True"
    },
    {
        "category": "Entertainment: Music",
        "difficulty": "medium",
        "question": "3 members of 2 Live Crew were arrested for playing songs from their album, As Nasty As They Wanna Be, live.",
        "options": [
            "True",
            "False"
        ],
        "answer": "True"
    },
    {
        "category": "Entertainment: Music",
        "difficulty": "medium",
        "question": "Metallica collaborated with Rowan Atkinson's Mr Bean on a 1992 comic relief single.",
        "options": [
            "True",
            "False"
        ],
        "answer": "False"
    },
    {
        "category": "Entertainment: Music",
        "difficulty": "medium",
        "question": "Soulja Boy's 'Crank That' won a Grammy for Best Rap Song in 2007.",
        "options": [
            "False",
            "True"
        ],
        "answer": "False"
    },
    {
        "category": "Entertainment: Music",
        "difficulty": "medium",
        "question": "The cover of The Beatles album \"Abbey Road\" featured a Volkswagen Beetle in the background.",
        "options": [
            "True",
            "False"
        ],
        "answer": "True"
    },
    {
        "category": "Entertainment: Music",
        "difficulty": "hard",
        "question": "Which of the music artists did NOT perform in the Live Aid concert in Wembley Stadium, London in 1985?",
        "options": [
            "The Rolling Stones",
            "Elton John",
            "David Bowie",
            "Queen"
        ],
        "answer": "The Rolling Stones"
    },
    {
        "category": "Entertainment: Music",
        "difficulty": "hard",
        "question": "What is the English title of the vaporwave track \"\u30ea\u30b5\u30d5\u30e9\u30f3\u30af420 / \u73fe\u4ee3\u306e\u30b3\u30f3\u30d4\u30e5\u30fc\" by Macintosh Plus (Vektroid)?",
        "options": [
            "It's All In Your Head 420 / Understand",
            "Smoke Weed 420 / Everyday",
            "Lisa Frank 420 / Modern Computing",
            "Make Your Move 420 / My Mind"
        ],
        "answer": "Lisa Frank 420 / Modern Computing"
    },
    {
        "category": "Entertainment: Music",
        "difficulty": "hard",
        "question": "Which of these is NOT a song featured on the Lockjaw EP released in 2013 by Flume & Chet Faker?",
        "options": [
            "What About Us",
            "Left Alone",
            "This Song Is Not About A Girl",
            "Drop The Game"
        ],
        "answer": "Left Alone"
    },
    {
        "category": "Entertainment: Music",
        "difficulty": "hard",
        "question": "Which company did the animation for Peter Gabriel's Video Sledgehammer (1986)?",
        "options": [
            "VIZ Media",
            "Illumination Entertainment",
            "HIT Entertainment",
            "Aardman Animations"
        ],
        "answer": "Aardman Animations"
    },
    {
        "category": "Entertainment: Music",
        "difficulty": "hard",
        "question": "Which album was released by Kanye West in 2013?",
        "options": [
            "The Life of Pablo",
            "My Beautiful Dark Twisted Fantasy",
            "Yeezus",
            "Watch the Throne"
        ],
        "answer": "Yeezus"
    },
    {
        "category": "Entertainment: Music",
        "difficulty": "hard",
        "question": "What song originally performed by The Bee Gees in 1978 had a cover version by Steps 20 years later?",
        "options": [
            "Stayin' Alive",
            "Tragedy",
            "You Should Be Dancing",
            "Night Fever"
        ],
        "answer": "Tragedy"
    },
    {
        "category": "Entertainment: Music",
        "difficulty": "hard",
        "question": "Which Elton John hit starts with the line \"When are you gonna come down\"?",
        "options": [
            "Goodbye Yellow Brick Road",
            "Crocodile Rock",
            "Bennie and the Jets",
            "Rocket Man"
        ],
        "answer": "Goodbye Yellow Brick Road"
    },
    {
        "category": "Entertainment: Music",
        "difficulty": "hard",
        "question": "Which of these artists did NOT remix the song \"Faded\" by Alan Walker?",
        "options": [
            "Slushii",
            "Skrillex",
            "Ti\u00ebsto",
            "Dash Berlin"
        ],
        "answer": "Skrillex"
    },
    {
        "category": "Entertainment: Music",
        "difficulty": "hard",
        "question": "The song \"Old Town Road\" by American rapper Lil Nas X samples the song \"34 Ghosts IV\" by which band?",
        "options": [
            "Animal Collective",
            "Death Grips",
            "Nine Inch Nails",
            "Iron Maiden"
        ],
        "answer": "Nine Inch Nails"
    },
    {
        "category": "Entertainment: Music",
        "difficulty": "hard",
        "question": "Who designed the album cover for True Romance, an album by Estelle?",
        "options": [
            "Rebecca Sugar",
            "Matt Burnett",
            "Ben Leven",
            "Ian Jones Quartey"
        ],
        "answer": "Rebecca Sugar"
    },
    {
        "category": "Entertainment: Music",
        "difficulty": "hard",
        "question": "What is the name of the 2016 mixtape released by Venezuelan electronic producer Arca?",
        "options": [
            "Entra\u00f1as",
            "Xen",
            "Sheep",
            "&&&&&&"
        ],
        "answer": "Entra\u00f1as"
    },
    {
        "category": "Entertainment: Music",
        "difficulty": "hard",
        "question": "A Caixa Malacacheta is what kind of musical instrument which is commonly used in Latin American music?",
        "options": [
            "Cow Bell",
            "Snare Drum",
            "Maraca",
            "Bass Drum"
        ],
        "answer": "Snare Drum"
    },
    {
        "category": "Entertainment: Music",
        "difficulty": "hard",
        "question": "Who recorded the 1975 album 'Captain Fantastic and the Brown Dirt Cowboy'?",
        "options": [
            "John Denver",
            "Billy Joel",
            "Joe Cocker",
            "Elton John"
        ],
        "answer": "Elton John"
    },
    {
        "category": "Entertainment: Music",
        "difficulty": "hard",
        "question": "What year was Min Yoongi from South Korea boy band \"BTS\" born in?",
        "options": [
            "1992",
            "1994",
            "1993",
            "1995"
        ],
        "answer": "1993"
    },
    {
        "category": "Entertainment: Music",
        "difficulty": "hard",
        "question": "What album is the song 'New Slang' by The Shins found on?",
        "options": [
            "Port Of Morrow",
            "Oh, Inverted World",
            "Chutes Too Narrow",
            "Wincing The Night Away"
        ],
        "answer": "Oh, Inverted World"
    }
]