[
    {
        "category": "Sports",
        "difficulty": "easy",
        "question": "What team did England beat to win in the 1966 World Cup final?",
        "options": [
            "Brazil",
            "Portugal",
            "Soviet Union",
            "West Germany"
        ],
        "answer": "West Germany"
    },
    {
        "category": "Sports",
        "difficulty": "easy",
        "question": "In Baseball, how many times does the ball have to be pitched outside of the strike zone before the batter is walked?",
        "options": [
            "2",
            "3",
            "4",
            "1"
        ],
        "answer": "4"
    },
    {
        "category": "Sports",
        "difficulty": "easy",
        "question": "Which country hosted the 2022 FIFA World Cup?",
        "options": [
            "Switzerland",
            "Japan",
            "Qatar",
            "USA"
        ],
        "answer": "Qatar"
    },
    {
        "category": "Sports",
        "difficulty": "easy",
        "question": "How many soccer players should be on the field at the same time?",
        "options": [
            "22",
            "20",
            "26",
            "24"
        ],
        "answer": "22"
    },
    {
        "category": "Sports",
        "difficulty": "easy",
        "question": "Which African American is in part responsible for integrating  Major League baseball?",
        "options": [
            "Jackie Robinson",
            "Curt Flood",
            "Roy Campanella",
            "Satchell Paige"
        ],
        "answer": "Jackie Robinson"
    },
    {
        "category": "Sports",
        "difficulty": "easy",
        "question": "Who did Steven Gerrard win the Champions League with?",
        "options": [
            "Liverpool",
            "Chelsea",
            "Man City",
            "Real Madrid"
        ],
        "answer": "Liverpool"
    },
    {
        "category": "Sports",
        "difficulty": "easy",
        "question": "\"Stadium of Light\" is the home stadium for which soccer team?",
        "options": [
            "Manchester United",
            "Sunderland FC",
            "Barcelona FC",
            "Paris Saints-Germain"
        ],
        "answer": "Sunderland FC"
    },
    {
        "category": "Sports",
        "difficulty": "easy",
        "question": "Who won the 2017 Formula One World Drivers' Championship?",
        "options": [
            "Lewis Hamilton",
            "Sebastian Vettel",
            "Nico Rosberg",
            "Max Verstappen"
        ],
        "answer": "Lewis Hamilton"
    },
    {
        "category": "Sports",
        "difficulty": "easy",
        "question": "The Rio 2016 Summer Olympics held it's closing ceremony on what date?",
        "options": [
            "August 21",
            "August 23",
            "August 19",
            "August 17"
        ],
        "answer": "August 21"
    },
    {
        "category": "Sports",
        "difficulty": "easy",
        "question": "The UEFA Champions League is an annual club football competition featuring clubs from which continent?",
        "options": [
            "Europe",
            "Africa",
            "Asia",
            "South America"
        ],
        "answer": "Europe"
    },
    {
        "category": "Sports",
        "difficulty": "easy",
        "question": "In what sport is a \"shuttlecock\" used?",
        "options": [
            "Cricket",
            "Rugby",
            "Table Tennis",
            "Badminton"
        ],
        "answer": "Badminton"
    },
    {
        "category": "Sports",
        "difficulty": "easy",
        "question": "Which NFL team plays for New England?",
        "options": [
            "49ers",
            "Chiefs",
            "Dolphins",
            "Patriots"
        ],
        "answer": "Patriots"
    },
    {
        "category": "Sports",
        "difficulty": "easy",
        "question": "In bowling, what is the term used for getting three consecutive strikes?",
        "options": [
            "Birdie",
            "Flamingo",
            "Turkey",
            "Eagle"
        ],
        "answer": "Turkey"
    },
    {
        "category": "Sports",
        "difficulty": "easy",
        "question": "What sport features the terms love, deuce, match and volley?",
        "options": [
            "Tennis",
            "Curling",
            "Basketball",
            "Cricket"
        ],
        "answer": "Tennis"
    },
    {
        "category": "Sports",
        "difficulty": "easy",
        "question": "Which English football club has the nickname 'The Foxes'?",
        "options": [
            "Bradford City",
            "West Bromwich Albion",
            "Northampton Town",
            "Leicester City"
        ],
        "answer": "Leicester City"
    },
    {
        "category": "Sports",
        "difficulty": "medium",
        "question": "Which Formula 1 driver switched teams in the middle of the 2017 season?",
        "options": [
            "Carlos Sainz Jr.",
            "Daniil Kvyat",
            "Rio Haryanto",
            "Jolyon Palmer"
        ],
        "answer": "Carlos Sainz Jr."
    },
    {
        "category": "Sports",
        "difficulty": "medium",
        "question": "What year was hockey legend Wayne Gretzky born?",
        "options": [
            "1965",
            "1959",
            "1961",
            "1963"
        ],
        "answer": "1961"
    },
    {
        "category": "Sports",
        "difficulty": "medium",
        "question": "How many premier league trophies did Sir Alex Ferguson win during his time at Manchester United?",
        "options": [
            "20",
            "11",
            "13",
            "22"
        ],
        "answer": "13"
    },
    {
        "category": "Sports",
        "difficulty": "medium",
        "question": "Which team was the 2015-2016 NBA Champions?",
        "options": [
            "Toronto Raptors",
            "Cleveland Cavaliers",
            "Golden State Warriors",
            "Oklahoma City Thunders"
        ],
        "answer": "Cleveland Cavaliers"
    },
    {
        "category": "Sports",
        "difficulty": "medium",
        "question": "A stimpmeter measures the speed of a ball over what surface?",
        "options": [
            "Golf Putting Green",
            "Cricket Outfield",
            " Football Pitch",
            "Pinball Table"
        ],
        "answer": "Golf Putting Green"
    },
    {
        "category": "Sports",
        "difficulty": "medium",
        "question": "Which team was the 2014-2015 NBA Champions?",
        "options": [
            "Atlanta Hawks",
            "Houston Rockets",
            "Golden State Warriors",
            "Cleveland Cavaliers"
        ],
        "answer": "Golden State Warriors"
    },
    {
        "category": "Sports",
        "difficulty": "medium",
        "question": "How many French Open's did Bj\u00f6rn Borg win?",
        "options": [
            "6",
            "4",
            "9",
            "2"
        ],
        "answer": "6"
    },
    {
        "category": "Sports",
        "difficulty": "medium",
        "question": "At which bridge does the annual Oxford and Cambridge boat race start?",
        "options": [
            "Hammersmith",
            "Vauxhall ",
            "Putney",
            "Battersea"
        ],
        "answer": "Putney"
    },
    {
        "category": "Sports",
        "difficulty": "medium",
        "question": "Who was the first footballer to score 200 goals in the English Premier League?",
        "options": [
            "Alan Shearer",
            "Thierry Henry",
            "Wayne Rooney",
            "Robbie Fowler"
        ],
        "answer": "Alan Shearer"
    },
    {
        "category": "Sports",
        "difficulty": "medium",
        "question": "What is the exact length of one non-curved part in Lane 1 of an Olympic Track?",
        "options": [
            "100yd",
            "84.39m",
            "109.36yd",
            "100m"
        ],
        "answer": "84.39m"
    },
    {
        "category": "Sports",
        "difficulty": "medium",
        "question": "Which of these teams isn't a member of the NHL's \"Original Six\" era?",
        "options": [
            "Philadelphia Flyers",
            "Toronto Maple Leafs",
            "Boston Bruins",
            "New York Rangers"
        ],
        "answer": "Philadelphia Flyers"
    },
    {
        "category": "Sports",
        "difficulty": "medium",
        "question": "What is Tiger Woods' all-time best career golf-score?",
        "options": [
            "67",
            "65",
            "61",
            "63"
        ],
        "answer": "61"
    },
    {
        "category": "Sports",
        "difficulty": "medium",
        "question": "What is the nickname of Northampton town's rugby union club?",
        "options": [
            "Saracens",
            "Saints",
            "Harlequins",
            "Wasps"
        ],
        "answer": "Saints"
    },
    {
        "category": "Sports",
        "difficulty": "medium",
        "question": "Which of these English football clubs is based in Liverpool?",
        "options": [
            "West Ham United",
            "Everton",
            "Crystal Palace",
            "Arsenal"
        ],
        "answer": "Everton"
    },
    {
        "category": "Sports",
        "difficulty": "medium",
        "question": "What cricketing term denotes a batsman being dismissed with a score of zero?",
        "options": [
            "Bye",
            "Beamer",
            "Duck",
            "Carry"
        ],
        "answer": "Duck"
    },
    {
        "category": "Sports",
        "difficulty": "hard",
        "question": "Which English football team is nicknamed 'The Tigers'?",
        "options": [
            "Cardiff City",
            "Hull City",
            "Bristol City",
            "Manchester City"
        ],
        "answer": "Hull City"
    },
    {
        "category": "Sports",
        "difficulty": "hard",
        "question": "What is the full name of the footballer \"Cristiano Ronaldo\"?",
        "options": [
            "Cristiano Armando Diego Ronaldo",
            "Cristiano Ronaldo dos Santos Aveiro",
            "Cristiano Ronaldo los Santos Diego",
            "Cristiano Luis Armando Ronaldo"
        ],
        "answer": "Cristiano Ronaldo dos Santos Aveiro"
    },
    {
        "category": "Sports",
        "difficulty": "hard",
        "question": "Which city features all of their professional sports teams' jersey's with the same color scheme?",
        "options": [
            "Seattle",
            "Pittsburgh",
            "Tampa Bay",
            "New York"
        ],
        "answer": "Pittsburgh"
    },
    {
        "category": "Sports",
        "difficulty": "hard",
        "question": "How many times did Martina Navratilova win the Wimbledon Singles Championship?",
        "options": [
            "Eight",
            "Nine",
            "Seven",
            "Ten"
        ],
        "answer": "Nine"
    },
    {
        "category": "Sports",
        "difficulty": "hard",
        "question": "Who is Manchester United's leading appearance maker?",
        "options": [
            "Wayne Rooney",
            "Ryan Giggs",
            "Eric Cantona",
            "David Beckham"
        ],
        "answer": "Ryan Giggs"
    },
    {
        "category": "Sports",
        "difficulty": "hard",
        "question": "In Canadian football, scoring a rouge is worth how many points?",
        "options": [
            "1",
            "2",
            "3",
            "4"
        ],
        "answer": "1"
    },
    {
        "category": "Sports",
        "difficulty": "hard",
        "question": "Which of these European cities was the first to host the modern Summer Olympic Games three times?",
        "options": [
            "Paris",
            "London",
            "Rome",
            "Athens"
        ],
        "answer": "London"
    },
    {
        "category": "Sports",
        "difficulty": "hard",
        "question": "Where was the Games of the XXII Olympiad held?",
        "options": [
            "Tokyo",
            "Barcelona",
            "Moscow",
            "Los Angeles"
        ],
        "answer": "Moscow"
    },
    {
        "category": "Sports",
        "difficulty": "hard",
        "question": "Prior to 2018, which car company is the only Japanese company which won the 24 Hours of Le Mans?",
        "options": [
            "Subaru",
            "Mazda",
            "Toyota",
            "Nissan"
        ],
        "answer": "Mazda"
    },
    {
        "category": "Sports",
        "difficulty": "hard",
        "question": "Which year was the third Super Bowl held?",
        "options": [
            "1970",
            "1969",
            "1968",
            "1971"
        ],
        "answer": "1969"
    },
    {
        "category": "Sports",
        "difficulty": "hard",
        "question": "The AHL affiliate team of the Boston Bruins is named what?",
        "options": [
            "Hartford Bruins",
            "Providence Bruins",
            "New Haven Bruins",
            "Cambridge Bruins"
        ],
        "answer": "Providence Bruins"
    },
    {
        "category": "Sports",
        "difficulty": "hard",
        "question": "Which of these Russian cities did NOT contain a stadium that was used in the 2018 FIFA World Cup?",
        "options": [
            "Yekaterinburg",
            "Vladivostok",
            "Rostov-on-Don",
            "Kaliningrad"
        ],
        "answer": "Vladivostok"
    },
    {
        "category": "Sports",
        "difficulty": "hard",
        "question": "What team did England beat in the semi-final stage to win in the 1966 World Cup final?",
        "options": [
            "Brazil",
            "West Germany",
            "Soviet Union",
            "Portugal"
        ],
        "answer": "Portugal"
    },
    {
        "category": "Sports",
        "difficulty": "hard",
        "question": "Which female player won the gold medal of table tennis singles in 2016 Olympics Games?",
        "options": [
            "Ai FUKUHARA (Japan)",
            "DING Ning (China)",
            "Song KIM (North Korea)",
            "LI Xiaoxia (China)"
        ],
        "answer": "DING Ning (China)"
    },
    {
        "category": "Sports",
        "difficulty": "hard",
        "question": "Which player \"kung-fu kicked\" a Crystal Palace fan in January 1995?",
        "options": [
            "Eric Cantona",
            "David Seamen",
            "Ashley Cole",
            "Mark Hughes"
        ],
        "answer": "Eric Cantona"
    }
]