[
    {
        "category": "Science: Mathematics",
        "difficulty": "medium",
        "question": "Which of the following dice is not a platonic solid?",
        "options": [
            "10-sided die",
            "20-sided die",
            "8-sided die",
            "12-sided die"
        ],
        "answer": "10-sided die"
    },
    {
        "category": "Science: Mathematics",
        "difficulty": "medium",
        "question": "What shape does sin(x) or cos(x) make on a graph?",
        "options": [
            "A Parabola",
            "A Straight Line",
            "Zig-Zags",
            "Waves"
        ],
        "answer": "Waves"
    },
    {
        "category": "Science: Mathematics",
        "difficulty": "medium",
        "question": "What Greek letter is used to signify summation?",
        "options": [
            "Alpha",
            "Omega",
            "Sigma",
            "Delta"
        ],
        "answer": "Sigma"
    },
    {
        "category": "Science: Mathematics",
        "difficulty": "medium",
        "question": "What is the derivative of sin(x)",
        "options": [
            "-sin(x)",
            "csc(x)",
            "cos(x)",
            "-cos(x)"
        ],
        "answer": "cos(x)"
    },
    {
        "category": "Science: Mathematics",
        "difficulty": "medium",
        "question": "To the nearest whole number, how many radians are in a whole circle?",
        "options": [
            "3",
            "5",
            "4",
            "6"
        ],
        "answer": "6"
    },
    {
        "category": "Science: Mathematics",
        "difficulty": "medium",
        "question": "In the complex plane, multiplying a given function by i rotates it anti-clockwise by how many degrees?",
        "options": [
            "180",
            "90",
            "270",
            "0"
        ],
        "answer": "90"
    },
    {
        "category": "Science: Mathematics",
        "difficulty": "medium",
        "question": "What numbers are in the 5th row of Pascal's Triangle?",
        "options": [
            "1 5 10 10 5 1",
            "1 3 3 1",
            "1 4 6 4 1",
            "1 6 15 20 15 6 1"
        ],
        "answer": "1 4 6 4 1"
    },
    {
        "category": "Science: Mathematics",
        "difficulty": "medium",
        "question": "In a normal distribution, 95% of the data lies within how many standard deviations of the mean?",
        "options": [
            "3",
            "2",
            "4",
            "1"
        ],
        "answer": "2"
    },
    {
        "category": "Science: Mathematics",
        "difficulty": "medium",
        "question": "What is the first Mersenne prime exponent over 1000?",
        "options": [
            "1069",
            "1009",
            "1279",
            "2203"
        ],
        "answer": "1279"
    },
    {
        "category": "Science: Mathematics",
        "difficulty": "medium",
        "question": "What is the Roman numeral for 500?",
        "options": [
            "L",
            "X",
            "C",
            "D"
        ],
        "answer": "D"
    },
    {
        "category": "Science: Mathematics",
        "difficulty": "medium",
        "question": "Which of these probability distributions is NOT discrete?",
        "options": [
            "Poisson",
            "Normal",
            "Hyper-geometric",
            "Binomial"
        ],
        "answer": "Normal"
    },
    {
        "category": "Science: Mathematics",
        "difficulty": "medium",
        "question": "Which greek mathematician ran through the streets of Syracuse naked while shouting \"Eureka\" after discovering the principle of displacement?",
        "options": [
            "Homer",
            "Eratosthenes",
            "Euclid",
            "Archimedes"
        ],
        "answer": "Archimedes"
    },
    {
        "category": "Science: Mathematics",
        "difficulty": "medium",
        "question": "How many zeros are there in a googol?",
        "options": [
            "10",
            "1,000,000",
            "100",
            "1,000"
        ],
        "answer": "100"
    },
    {
        "category": "Science: Mathematics",
        "difficulty": "medium",
        "question": "What is the alphanumeric representation of the imaginary number?",
        "options": [
            "i",
            "x",
            "e",
            "n"
        ],
        "answer": "i"
    },
    {
        "category": "Science: Mathematics",
        "difficulty": "medium",
        "question": "What is the area of a circle with a diameter of 20 inches if \u03c0= 3.1415?",
        "options": [
            "1256.6 Inches",
            "3141.5 Inches",
            "314.15 Inches",
            "380.1215 Inches"
        ],
        "answer": "314.15 Inches"
    },
    {
        "category": "Science: Mathematics",
        "difficulty": "hard",
        "question": "What is the fourth digit of \u03c0?",
        "options": [
            "2",
            "3",
            "1",
            "4"
        ],
        "answer": "1"
    },
    {
        "category": "Science: Mathematics",
        "difficulty": "hard",
        "question": "What is the derivative of Acceleration with respect to time?",
        "options": [
            "Slide",
            "Bump",
            "Shift",
            "Jerk"
        ],
        "answer": "Jerk"
    },
    {
        "category": "Science: Mathematics",
        "difficulty": "hard",
        "question": "Which of these numbers is closest to the total number of possible states for an army standard Enigma Machine?",
        "options": [
            "1.58 x 10^24",
            "1.58 x 10^20",
            "1.58 x 10^22",
            "1.58 x  10^18"
        ],
        "answer": "1.58 x 10^20"
    },
    {
        "category": "Science: Mathematics",
        "difficulty": "hard",
        "question": "Which of the following mathematicians made major contributions to game theory?",
        "options": [
            "Carl Friedrich Gauss",
            "John Von Neumann",
            "Stefan Banach",
            "Leonhard Euler"
        ],
        "answer": "John Von Neumann"
    },
    {
        "category": "Science: Mathematics",
        "difficulty": "hard",
        "question": "The notion of a \"set that contains all sets which do not contain themselves\" is a paradoxical idea attributed to which English philosopher?",
        "options": [
            "Alfred North Whitehead",
            "Francis Bacon",
            "John Locke",
            "Bertrand Russel"
        ],
        "answer": "Bertrand Russel"
    },
    {
        "category": "Science: Mathematics",
        "difficulty": "hard",
        "question": "What is the plane curve proposed by Descartes to challenge Fermat's extremum-finding techniques called?",
        "options": [
            "Folium of Descartes",
            "Descarte's Helicoid",
            "Cartesian Coordinates",
            "Elliptic Paraboloid of Descartes"
        ],
        "answer": "Folium of Descartes"
    },
    {
        "category": "Science: Mathematics",
        "difficulty": "hard",
        "question": "How many zeptometres are inside one femtometre?",
        "options": [
            "10",
            "1,000,000,000",
            "1000",
            "1,000,000"
        ],
        "answer": "1,000,000"
    },
    {
        "category": "Science: Mathematics",
        "difficulty": "hard",
        "question": "What is the approximate value of mathematical constant e?",
        "options": [
            "2.72",
            "1.62",
            "1.41",
            "3.14"
        ],
        "answer": "2.72"
    },
    {
        "category": "Science: Mathematics",
        "difficulty": "hard",
        "question": "How many Millibars (mbar) to 1 Inch of Mercury (inHg)",
        "options": [
            "10.6",
            "27.4",
            "30.0",
            "33.9"
        ],
        "answer": "33.9"
    },
    {
        "category": "Science: Mathematics",
        "difficulty": "hard",
        "question": "The decimal number 31 in hexadecimal would be what?",
        "options": [
            "2E",
            "1B",
            "3D",
            "1F"
        ],
        "answer": "1F"
    },
    {
        "category": "Science: Mathematics",
        "difficulty": "hard",
        "question": "What is the smallest number that can be expressed as the sum of two positive cubes in two different ways?",
        "options": [
            "561",
            "4104",
            "1729",
            "91"
        ],
        "answer": "1729"
    },
    {
        "category": "Science: Mathematics",
        "difficulty": "hard",
        "question": "Which of these did mathematician Leonhard Euler NOT develop?",
        "options": [
            "An identity linking the numbers e, pi and i",
            "An improvement to the Fast Fourier Transform",
            "A formula linking vertices, edges and faces on a graph",
            "A method of solving first-order differential equations"
        ],
        "answer": "An improvement to the Fast Fourier Transform"
    },
    {
        "category": "Science: Mathematics",
        "difficulty": "hard",
        "question": "Which of the following famous mathematicians died in a duel at the age of 20?",
        "options": [
            "Galois",
            "Euler",
            "Abel",
            "Gauss"
        ],
        "answer": "Galois"
    },
    {
        "category": "Science: Mathematics",
        "difficulty": "hard",
        "question": "Integration is the reverse of what mathematical operation?",
        "options": [
            "Division",
            "Derivation",
            "Multiplication",
            "Standard Deviation"
        ],
        "answer": "Derivation"
    },
    {
        "category": "Science: Mathematics",
        "difficulty": "hard",
        "question": "The French mathematician \u00c9variste Galois is primarily known for his work in which?",
        "options": [
            "Galois Theory",
            "Galois' Method for PDE's ",
            "Abelian Integration",
            "Galois' Continued Fractions"
        ],
        "answer": "Galois Theory"
    }
]