[
    {
        "category": "Entertainment: Comics",
        "difficulty": "easy",
        "question": "In \"Homestuck\" what is Dave Strider's guardian?",
        "options": [
            "Doc Scratch",
            "Halley",
            "Becquerel",
            "Bro"
        ],
        "answer": "Bro"
    },
    {
        "category": "Entertainment: Comics",
        "difficulty": "easy",
        "question": "According to their longtime nickname, what kind of \"duo\" are Batman & Robin?",
        "options": [
            "Dynamic",
            "Dangerous",
            "Dynastic",
            "Delirious"
        ],
        "answer": "Dynamic"
    },
    {
        "category": "Entertainment: Comics",
        "difficulty": "easy",
        "question": "What is the full first name of the babysitter in Calvin and Hobbes?",
        "options": [
            "Ruby",
            "Rose",
            "Rosalyn",
            "Rachel"
        ],
        "answer": "Rosalyn"
    },
    {
        "category": "Entertainment: Comics",
        "difficulty": "easy",
        "question": "What is the alter-ego of the DC comics character \"Superman\"?",
        "options": [
            "Clark Kent",
            "John Jones",
            "Arthur Curry",
            "Bruce Wayne"
        ],
        "answer": "Clark Kent"
    },
    {
        "category": "Entertainment: Comics",
        "difficulty": "easy",
        "question": "Which universe crossover was introduced in the \"Sonic the Hedgehog\" comic issue #247?",
        "options": [
            "Alex Kidd",
            "Super Mario Brothers",
            "Super Monkey Ball",
            "Mega Man"
        ],
        "answer": "Mega Man"
    },
    {
        "category": "Entertainment: Comics",
        "difficulty": "easy",
        "question": "The main six year old protagonist in Calvin and Hobbes is named after what theologian?",
        "options": [
            "John Calvin",
            "Calvin Coolidge",
            "Phillip Calvin McGraw",
            "Calvin Klein"
        ],
        "answer": "John Calvin"
    },
    {
        "category": "Entertainment: Comics",
        "difficulty": "easy",
        "question": "What's the race of Invincible's father?",
        "options": [
            "Kree",
            "Irken",
            "Kryptonian",
            "Viltrumite"
        ],
        "answer": "Viltrumite"
    },
    {
        "category": "Entertainment: Comics",
        "difficulty": "easy",
        "question": "In \"Homestuck\" the \"Kingdom of Darkness\" is also known as?",
        "options": [
            "The Medium",
            "Skaia",
            "Derse",
            "Prospit"
        ],
        "answer": "Derse"
    },
    {
        "category": "Entertainment: Comics",
        "difficulty": "easy",
        "question": "In Black Hammer, what city did the heroes save from the Anti-God?",
        "options": [
            "Spiral City",
            "Mega-City One",
            "Star City",
            "Rockwood"
        ],
        "answer": "Spiral City"
    },
    {
        "category": "Entertainment: Comics",
        "difficulty": "easy",
        "question": "This Marvel superhero is often called \"The man without fear\".",
        "options": [
            "Wolverine",
            "Hulk",
            "Thor",
            "Daredevil"
        ],
        "answer": "Daredevil"
    },
    {
        "category": "Entertainment: Comics",
        "difficulty": "easy",
        "question": "Who is Batman?",
        "options": [
            "Bruce Wayne",
            "Tony Stark",
            "Clark Kent",
            "Barry Allen"
        ],
        "answer": "Bruce Wayne"
    },
    {
        "category": "Entertainment: Comics",
        "difficulty": "easy",
        "question": "Which one of these superhero teams appears in the Invincible comics?",
        "options": [
            "Avengers",
            "Justice League",
            "Teenage Mutant Ninja Turtles",
            "Guardians of the Globe"
        ],
        "answer": "Guardians of the Globe"
    },
    {
        "category": "Entertainment: Comics",
        "difficulty": "easy",
        "question": "Which planet did Superman come from?",
        "options": [
            "Xolnar",
            "Starhaven",
            "Krypton",
            "Avalon"
        ],
        "answer": "Krypton"
    },
    {
        "category": "Entertainment: Comics",
        "difficulty": "easy",
        "question": "When was Marvel Comics founded?",
        "options": [
            "1936",
            "1932",
            "1951",
            "1939"
        ],
        "answer": "1939"
    },
    {
        "category": "Entertainment: Comics",
        "difficulty": "easy",
        "question": "Who is the creator of the comic series \"The Walking Dead\"?",
        "options": [
            "Stan Lee",
            "Robert Crumb",
            "Robert Kirkman",
            "Malcolm Wheeler-Nicholson"
        ],
        "answer": "Robert Kirkman"
    },
    {
        "category": "Entertainment: Comics",
        "difficulty": "medium",
        "question": "The stuffed tiger in Calvin and Hobbes is named after what philosopher?",
        "options": [
            "Thomas Hobbes",
            "Nathaniel Hobbes",
            "David Hobbes",
            "John Hobbes"
        ],
        "answer": "Thomas Hobbes"
    },
    {
        "category": "Entertainment: Comics",
        "difficulty": "medium",
        "question": "What is the name of the main character in the webcomic Gunnerkrigg Court by Tom Siddell?",
        "options": [
            "Bismuth",
            "Mercury",
            "Antimony",
            "Cobalt"
        ],
        "answer": "Antimony"
    },
    {
        "category": "Entertainment: Comics",
        "difficulty": "medium",
        "question": "Found in the Marvel Comics fictional universe, what is the name of the nearly indestructible metal that coats Wolverine's bones and claws?",
        "options": [
            "Carbonadium",
            "Vibranium",
            "Adamantium",
            "Titanium"
        ],
        "answer": "Adamantium"
    },
    {
        "category": "Entertainment: Comics",
        "difficulty": "medium",
        "question": "In Marvel comics, which of the following is not one of the infinity stones?",
        "options": [
            "Soul",
            "Energy",
            "Time",
            "Power"
        ],
        "answer": "Energy"
    },
    {
        "category": "Entertainment: Comics",
        "difficulty": "medium",
        "question": "What is Homestuck character Gamzee's last name?",
        "options": [
            "Makera",
            "Makrea",
            "Makara",
            "Makare"
        ],
        "answer": "Makara"
    },
    {
        "category": "Entertainment: Comics",
        "difficulty": "medium",
        "question": "In the Hellboy universe, who founded the BPRD?",
        "options": [
            "Johann Kraus",
            "Kate Corrigan",
            "Benjamin Daimio",
            "Trevor Bruttenholm"
        ],
        "answer": "Trevor Bruttenholm"
    },
    {
        "category": "Entertainment: Comics",
        "difficulty": "medium",
        "question": "Which of the following superheros did Wonder Woman NOT have a love interest in?",
        "options": [
            "Green Arrow",
            "Steve Trevor",
            "Superman",
            "Batman"
        ],
        "answer": "Green Arrow"
    },
    {
        "category": "Entertainment: Comics",
        "difficulty": "medium",
        "question": "In the DC Comics 2016 reboot, Rebirth, which speedster escaped from the Speed Force after he had been erased from existance?",
        "options": [
            "Wally West",
            "Johnny Quick",
            "Jay Garrick",
            "Eobard Thawne"
        ],
        "answer": "Wally West"
    },
    {
        "category": "Entertainment: Comics",
        "difficulty": "medium",
        "question": "What's the name of Batman's parents?",
        "options": [
            "Joey & Jackie",
            "Todd & Mira",
            "Jason & Sarah",
            "Thomas & Martha"
        ],
        "answer": "Thomas & Martha"
    },
    {
        "category": "Entertainment: Comics",
        "difficulty": "medium",
        "question": "In Calvin and Hobbes, what is the name of the principal at Calvin's school?",
        "options": [
            "Mr. Boreman",
            "Mr. Moe",
            "Mr. Spitling",
            "Mr. Spittle"
        ],
        "answer": "Mr. Spittle"
    },
    {
        "category": "Entertainment: Comics",
        "difficulty": "medium",
        "question": "In the comics, which Sonic character took command of the Dark Legion after Luger's assassination?",
        "options": [
            "Dimitri",
            "Remington",
            "Lien-Da",
            "Kragok"
        ],
        "answer": "Lien-Da"
    },
    {
        "category": "Entertainment: Comics",
        "difficulty": "medium",
        "question": "In Black Hammer, what dimension does Colonel Weird travel through?",
        "options": [
            "Hyperspace",
            "Para-Zone",
            "Mirror Universe",
            "Phantom Zone"
        ],
        "answer": "Para-Zone"
    },
    {
        "category": "Entertainment: Comics",
        "difficulty": "medium",
        "question": "Who was the inspiration for Cuthbert Calculus in the Tintin series?",
        "options": [
            "Auguste Picard",
            "J. Cecil Maby",
            "Jacques Piccard",
            "Will Morris"
        ],
        "answer": "Auguste Picard"
    },
    {
        "category": "Entertainment: Comics",
        "difficulty": "medium",
        "question": "Which \"Green Arrow\" sidekick commonly wears a baseball cap?",
        "options": [
            "Roy Harper",
            "Dick Grayson",
            "Emiko Queen",
            "Black Canary"
        ],
        "answer": "Roy Harper"
    },
    {
        "category": "Entertainment: Comics",
        "difficulty": "medium",
        "question": "Who was the first American Vampire (Scott Snyder's American Vampire)?",
        "options": [
            "James \"Jim\" Book",
            "Pearl Jones",
            "Skinner Sweet",
            "Hattie Hargrove"
        ],
        "answer": "Skinner Sweet"
    },
    {
        "category": "Entertainment: Comics",
        "difficulty": "hard",
        "question": "In what year did the first \"The Walking Dead\" comic come out?",
        "options": [
            "2001",
            "1999",
            "2006",
            "2003"
        ],
        "answer": "2003"
    },
    {
        "category": "Entertainment: Comics",
        "difficulty": "hard",
        "question": "In the webcomic \"Ava's Demon\", what sin is \"Nevy Nervine\" based off of? ",
        "options": [
            "Lust",
            "Envy ",
            "Wrath ",
            "Sloth"
        ],
        "answer": "Envy "
    },
    {
        "category": "Entertainment: Comics",
        "difficulty": "hard",
        "question": "What is the real hair colour of the mainstream comic book version (Earth-616) of Daredevil?",
        "options": [
            "Blonde",
            "Auburn",
            "Black",
            "Brown"
        ],
        "answer": "Blonde"
    },
    {
        "category": "Entertainment: Comics",
        "difficulty": "hard",
        "question": "Which pulp hero made appearances in Hellboy and BPRD comics before getting his own spin-off?",
        "options": [
            "The Spider",
            "Roger the Homunculus",
            "The Wendigo",
            "Lobster Johnson"
        ],
        "answer": "Lobster Johnson"
    },
    {
        "category": "Entertainment: Comics",
        "difficulty": "hard",
        "question": "In the Batman comics, by what other name is the villain Dr. Jonathan Crane known?",
        "options": [
            "Calendar Man",
            "Scarecrow",
            "Bane",
            "Clayface"
        ],
        "answer": "Scarecrow"
    },
    {
        "category": "Entertainment: Comics",
        "difficulty": "hard",
        "question": "In what Homestuck Update was [S] Game Over released?",
        "options": [
            "April 13th, 2009",
            "October 25th, 2014",
            "April 8th, 2012",
            "August 28th, 2003"
        ],
        "answer": "October 25th, 2014"
    },
    {
        "category": "Entertainment: Comics",
        "difficulty": "hard",
        "question": "What year was the first San Diego Comic-Con?",
        "options": [
            "1990",
            "1970",
            "2000",
            "1985"
        ],
        "answer": "1970"
    },
    {
        "category": "Entertainment: Comics",
        "difficulty": "hard",
        "question": "When was the Garfield comic first published?",
        "options": [
            "1988",
            "1978",
            "1982",
            "1973"
        ],
        "answer": "1978"
    },
    {
        "category": "Entertainment: Comics",
        "difficulty": "hard",
        "question": "In 1978, Superman teamed up with what celebrity, to defeat an alien invasion?",
        "options": [
            "Mike Tyson",
            "Arnold Schwarzenegger",
            "Muhammad Ali",
            "Sylvester Stallone"
        ],
        "answer": "Muhammad Ali"
    },
    {
        "category": "Entertainment: Comics",
        "difficulty": "hard",
        "question": "What are the names of the two \"Canon fan trolls\" in \"Homestuck\"?",
        "options": [
            "Aikter Frekik and Xagrai Ollomu",
            "Grekei Ceknux and Riya Camacho",
            "Mierfa Durgas and Nektan Whelan",
            "The Wrycrown and Voksea Olkido"
        ],
        "answer": "Mierfa Durgas and Nektan Whelan"
    },
    {
        "category": "Entertainment: Comics",
        "difficulty": "hard",
        "question": "In the Marvel Universe, the planet of Svartalfheim is home to what race?",
        "options": [
            "Skrulls",
            "Kronans",
            "Dark Elves",
            "Frost Giants"
        ],
        "answer": "Dark Elves"
    },
    {
        "category": "Entertainment: Comics",
        "difficulty": "hard",
        "question": "Which of the following rings from the DC Comics' \"Lantern Corps\" are classified as Parasitic?",
        "options": [
            "Indigo (Compassion)",
            "Green (Willpower)",
            "White (Life)",
            "Yellow (Fear)"
        ],
        "answer": "Indigo (Compassion)"
    },
    {
        "category": "Entertainment: Comics",
        "difficulty": "hard",
        "question": "In the Homestuck Series, what is the alternate name for the Kingdom of Lights?",
        "options": [
            "Yellow Moon",
            "Golden City",
            "No Name",
            "Prospit"
        ],
        "answer": "Prospit"
    },
    {
        "category": "Entertainment: Comics",
        "difficulty": "hard",
        "question": "When Batman trolls the online chat rooms, what alias does he use?",
        "options": [
            "JonDoe297",
            "BW1129",
            "iAmBatman",
            "BWayne13"
        ],
        "answer": "JonDoe297"
    },
    {
        "category": "Entertainment: Comics",
        "difficulty": "hard",
        "question": "In the Hellboy universe, what was Abe Sapien's birth name?",
        "options": [
            "Langdon Everett Caul",
            "Sir Edward Grey",
            "Lord Baltimore",
            "Landis Pope"
        ],
        "answer": "Langdon Everett Caul"
    }
]