[
    {
        "category": "Entertainment: Video Games",
        "difficulty": "easy",
        "question": "In the Assassin's Creed series,what was the name of Desmond Miles given by Abstergo?",
        "options": [
            "Subject 17",
            "Subject 16",
            "Alta\u00efr Ibn-La'Ahad",
            "Subject 18"
        ],
        "answer": "Subject 17"
    },
    {
        "category": "Entertainment: Video Games",
        "difficulty": "easy",
        "question": "In the Half-Life series, Gordon Freeman's signature weapon is a:",
        "options": [
            "Crowbar",
            "Katana",
            "Fiber Wire",
            "Sledgehammer"
        ],
        "answer": "Crowbar"
    },
    {
        "category": "Entertainment: Video Games",
        "difficulty": "easy",
        "question": "Which of the following characters from the game \"Overwatch\" was revealed to be homosexual in December of 2016?",
        "options": [
            "Tracer",
            "Widowmaker",
            "Sombra",
            "Symmetra"
        ],
        "answer": "Tracer"
    },
    {
        "category": "Entertainment: Video Games",
        "difficulty": "easy",
        "question": "When was the top-down online RPG \"Space Station 13\" released?",
        "options": [
            "2003",
            "2006",
            "2010",
            "2000"
        ],
        "answer": "2003"
    },
    {
        "category": "Entertainment: Video Games",
        "difficulty": "easy",
        "question": "In what year was the game \"FTL: Faster Than Light\" released?",
        "options": [
            "2011",
            "2014",
            "2013",
            "2012"
        ],
        "answer": "2012"
    },
    {
        "category": "Entertainment: Video Games",
        "difficulty": "easy",
        "question": "What is the name of a popular franchise that includes placing blocks down and surviving in an open world? ",
        "options": [
            "Roblox",
            "Grand Theft Auto V",
            "Unturned",
            "Minecraft"
        ],
        "answer": "Minecraft"
    },
    {
        "category": "Entertainment: Video Games",
        "difficulty": "easy",
        "question": "Before it's redesign of the company logo in the year 2000, which 3D shape is NOT represented in the Electronic Arts logo?",
        "options": [
            "Pyramid",
            "Cylinder",
            "Cube",
            "Sphere"
        ],
        "answer": "Cylinder"
    },
    {
        "category": "Entertainment: Video Games",
        "difficulty": "easy",
        "question": "In which year was League of Legends released?",
        "options": [
            "2010",
            "2003",
            "2001",
            "2009"
        ],
        "answer": "2009"
    },
    {
        "category": "Entertainment: Video Games",
        "difficulty": "easy",
        "question": "Which popular First Person Shooter (FPS) franchise, got a Real Time Strategy (RTS) game developed based on its universe?",
        "options": [
            "Battlefield",
            "Borderlands",
            "Call of Duty",
            "Halo"
        ],
        "answer": "Halo"
    },
    {
        "category": "Entertainment: Video Games",
        "difficulty": "easy",
        "question": "Who is the main antagonist of Ori and the Blind Forest?",
        "options": [
            "Nibel",
            "Kuro",
            "Gumo",
            "King Rammer XII"
        ],
        "answer": "Kuro"
    },
    {
        "category": "Entertainment: Video Games",
        "difficulty": "easy",
        "question": "In Rust, how many Timed Explosive Charges does it take to destroy a Ladder Hatch?",
        "options": [
            "2",
            "1",
            "5",
            "3"
        ],
        "answer": "1"
    },
    {
        "category": "Entertainment: Video Games",
        "difficulty": "easy",
        "question": "What is the first weapon you acquire in Half-Life?",
        "options": [
            "A crowbar",
            "Your fists",
            "The H.E.V suit",
            "A pistol"
        ],
        "answer": "A crowbar"
    },
    {
        "category": "Entertainment: Video Games",
        "difficulty": "easy",
        "question": "How do you tame a horse in Minecraft?",
        "options": [
            "By continually mounting it",
            "By petting it",
            "By feeding it Sugar",
            "By feeding it Wheat"
        ],
        "answer": "By continually mounting it"
    },
    {
        "category": "Entertainment: Video Games",
        "difficulty": "easy",
        "question": "What power does Max Caulfield from \"Life is Strange\" have?",
        "options": [
            "Rewinding Time",
            "Invisibility",
            "Super Strength",
            "Telepathy"
        ],
        "answer": "Rewinding Time"
    },
    {
        "category": "Entertainment: Video Games",
        "difficulty": "easy",
        "question": "In \"Call Of Duty: Zombies\", what is the name of the Pack-A-Punched Crossbow?",
        "options": [
            "V-R11",
            "Awful Lawton",
            "Longinus",
            "Predator"
        ],
        "answer": "Awful Lawton"
    },
    {
        "category": "Entertainment: Video Games",
        "difficulty": "easy",
        "question": "In the video game \"Splatoon\", the playable characters were originally going to be rabbits instead of squids.",
        "options": [
            "True",
            "False"
        ],
        "answer": "True"
    },
    {
        "category": "Entertainment: Video Games",
        "difficulty": "easy",
        "question": "English new wave musician Gary Numan founded the video game development company Facepunch Studios in March 2009.",
        "options": [
            "True",
            "False"
        ],
        "answer": "False"
    },
    {
        "category": "Entertainment: Video Games",
        "difficulty": "easy",
        "question": "The end credits sequence in Grand Theft Auto 5 is over half an hour long.",
        "options": [
            "False",
            "True"
        ],
        "answer": "True"
    },
    {
        "category": "Entertainment: Video Games",
        "difficulty": "easy",
        "question": "Niko Bellic is the protagonist of Grand Theft Auto IV.",
        "options": [
            "True",
            "False"
        ],
        "answer": "True"
    },
    {
        "category": "Entertainment: Video Games",
        "difficulty": "easy",
        "question": "In \"Super Mario 3D World\", the Double Cherry power-up originated from a developer accidentally making two characters controllable.",
        "options": [
            "True",
            "False"
        ],
        "answer": "True"
    },
    {
        "category": "Entertainment: Video Games",
        "difficulty": "easy",
        "question": "In the game \"Subnautica\", a \"Spadefish\" will attack you.",
        "options": [
            "False",
            "True"
        ],
        "answer": "False"
    },
    {
        "category": "Entertainment: Video Games",
        "difficulty": "easy",
        "question": "Codemasters is the developer of the Gran Turismo series.",
        "options": [
            "False",
            "True"
        ],
        "answer": "False"
    },
    {
        "category": "Entertainment: Video Games",
        "difficulty": "easy",
        "question": "The main antagonist in the videogame Saints Row IV is an entity known as The Mastermind.",
        "options": [
            "False",
            "True"
        ],
        "answer": "False"
    },
    {
        "category": "Entertainment: Video Games",
        "difficulty": "easy",
        "question": "Luigi is taller than Mario?",
        "options": [
            "False",
            "True"
        ],
        "answer": "True"
    },
    {
        "category": "Entertainment: Video Games",
        "difficulty": "easy",
        "question": "The PlayStation was originally a joint project between Sega and Sony that was a Sega Genesis with a disc drive.",
        "options": [
            "True",
            "False"
        ],
        "answer": "False"
    },
    {
        "category": "Entertainment: Video Games",
        "difficulty": "easy",
        "question": "Activision created Battlefield 1.",
        "options": [
            "False",
            "True"
        ],
        "answer": "False"
    },
    {
        "category": "Entertainment: Video Games",
        "difficulty": "easy",
        "question": "Several characters in \"Super Mario 64\" blink their eyes, including Mario himself.",
        "options": [
            "False",
            "True"
        ],
        "answer": "True"
    },
    {
        "category": "Entertainment: Video Games",
        "difficulty": "easy",
        "question": "Valve's \"Portal\" and \"Half-Life\" franchises exist within the same in-game universe.",
        "options": [
            "True",
            "False"
        ],
        "answer": "True"
    },
    {
        "category": "Entertainment: Video Games",
        "difficulty": "easy",
        "question": "In RuneScape, one must complete the \"Dragon Slayer\" quest before equipping Rune Platelegs.",
        "options": [
            "False",
            "True"
        ],
        "answer": "False"
    },
    {
        "category": "Entertainment: Video Games",
        "difficulty": "easy",
        "question": "The shotgun appears in every numbered Resident Evil game.",
        "options": [
            "False",
            "True"
        ],
        "answer": "True"
    },
    {
        "category": "Entertainment: Video Games",
        "difficulty": "medium",
        "question": "What was the original release date of Grand Theft Auto V?",
        "options": [
            "September 17, 2013",
            "November 18, 2014",
            "August 17, 2013",
            "April 14, 2015"
        ],
        "answer": "September 17, 2013"
    },
    {
        "category": "Entertainment: Video Games",
        "difficulty": "medium",
        "question": "How many times do you fight the Imprisoned in The Legend of Zelda: Skyward Sword?",
        "options": [
            "5",
            "3",
            "2",
            "4"
        ],
        "answer": "3"
    },
    {
        "category": "Entertainment: Video Games",
        "difficulty": "medium",
        "question": "In \"Call of Duty: Zombies\", what group does Doctor Maxis work for?",
        "options": [
            "Group Rezurrection",
            "Group 935",
            "Division 9",
            "Group Reanimate"
        ],
        "answer": "Group 935"
    },
    {
        "category": "Entertainment: Video Games",
        "difficulty": "medium",
        "question": "What American city was featured in the 1999 PC game Midtown Madness?",
        "options": [
            "Washington D.C.",
            "San Francisco",
            "New York City",
            "Chicago"
        ],
        "answer": "Chicago"
    },
    {
        "category": "Entertainment: Video Games",
        "difficulty": "medium",
        "question": "Who was the first jedi that Starkiller had to kill in Star Wars: The Force Unleashed?",
        "options": [
            "Kento Marek",
            "Ahsoka Tano",
            "Rahm Kota",
            "Kazdan Paratus"
        ],
        "answer": "Rahm Kota"
    },
    {
        "category": "Entertainment: Video Games",
        "difficulty": "medium",
        "question": "In the Half-Life universe, the Black Mesa Research Facility is located in which US state?",
        "options": [
            "Nevada",
            "Wyoming",
            "New Mexico",
            "Arizona"
        ],
        "answer": "New Mexico"
    },
    {
        "category": "Entertainment: Video Games",
        "difficulty": "medium",
        "question": "Which Dota 1 hero changed gender when ported to Dota 2?",
        "options": [
            "Templar Assassin",
            "Keeper of the Light",
            "Legion Commander",
            "Axe"
        ],
        "answer": "Legion Commander"
    },
    {
        "category": "Entertainment: Video Games",
        "difficulty": "medium",
        "question": "In Forza Motorsport 6, which of these track-exclusive cars was NOT featured in the game, either originally with the game or added as DLC?",
        "options": [
            "Ferrari FXX-K",
            "McLaren P1 GTR",
            "Lotus E23",
            "Aston Martin Vulcan"
        ],
        "answer": "Aston Martin Vulcan"
    },
    {
        "category": "Entertainment: Video Games",
        "difficulty": "medium",
        "question": "Which of these is NOT a name of a playable character in Apex Legends?",
        "options": [
            "Wattson",
            "Revenant",
            "Viper",
            "Crypto"
        ],
        "answer": "Viper"
    },
    {
        "category": "Entertainment: Video Games",
        "difficulty": "medium",
        "question": "Which of the following is a character in the video game Destiny?",
        "options": [
            "Ostrava of Boletaria",
            "Mordecai the Hunter",
            "Cayde-6",
            "Leon S. Kennedy"
        ],
        "answer": "Cayde-6"
    },
    {
        "category": "Entertainment: Video Games",
        "difficulty": "medium",
        "question": "In the \"Call Of Duty: Zombies\" map \"Origins\", how many numbered power generators are there?",
        "options": [
            "5",
            "8",
            "6",
            "3"
        ],
        "answer": "6"
    },
    {
        "category": "Entertainment: Video Games",
        "difficulty": "medium",
        "question": "Who are the two protagonists of the game Yakuza 0?",
        "options": [
            "Shintaro Kazama and Kazuma Kiryu",
            "Kazuma Kiryu and Goro Majima",
            "Akira Nishikiyama and Tetsu Tachibana",
            "Keiji Shibusawa and Daisaku Kuze"
        ],
        "answer": "Kazuma Kiryu and Goro Majima"
    },
    {
        "category": "Entertainment: Video Games",
        "difficulty": "medium",
        "question": "In what year was the original Sonic the Hedgehog game released?",
        "options": [
            "1991",
            "1989",
            "1993",
            "1995"
        ],
        "answer": "1991"
    },
    {
        "category": "Entertainment: Video Games",
        "difficulty": "medium",
        "question": "Who published the 1998 video game Half-Life?",
        "options": [
            "Blizzard",
            "EA",
            "Sierra On-Line",
            "Valve"
        ],
        "answer": "Sierra On-Line"
    },
    {
        "category": "Entertainment: Video Games",
        "difficulty": "medium",
        "question": "In the game Pok\u00e9mon Conquest, which warlord is able to bond with Zekrom and a shiny Rayquazza?",
        "options": [
            "Nobunaga",
            "Hideyoshi",
            "The Player",
            "Oichi"
        ],
        "answer": "Nobunaga"
    },
    {
        "category": "Entertainment: Video Games",
        "difficulty": "medium",
        "question": "In \"Call Of Duty: Zombies\", you can upgrade the \"Apothicon Servant\" in the \"Shadows Of Evil\" map.",
        "options": [
            "True",
            "False"
        ],
        "answer": "False"
    },
    {
        "category": "Entertainment: Video Games",
        "difficulty": "medium",
        "question": "In \"Overwatch,\" an allied McCree will say \"Step right up\" upon using his ultimate ability Deadeye.",
        "options": [
            "False",
            "True"
        ],
        "answer": "True"
    },
    {
        "category": "Entertainment: Video Games",
        "difficulty": "medium",
        "question": "The game series \"Titanfall\" runs on the Unreal Engine.",
        "options": [
            "False",
            "True"
        ],
        "answer": "False"
    },
    {
        "category": "Entertainment: Video Games",
        "difficulty": "medium",
        "question": "In \"Starbound\", the track played by the Decorated Music Box is named \"Atlas\".",
        "options": [
            "True",
            "False"
        ],
        "answer": "True"
    },
    {
        "category": "Entertainment: Video Games",
        "difficulty": "medium",
        "question": "Tony Hawk's Pro Skater was released in 1999.",
        "options": [
            "True",
            "False"
        ],
        "answer": "True"
    },
    {
        "category": "Entertainment: Video Games",
        "difficulty": "medium",
        "question": "The character that would eventually become Dr. Eggman was considered for the role of Sega's new flagship mascot before Sonic was.",
        "options": [
            "True",
            "False"
        ],
        "answer": "True"
    },
    {
        "category": "Entertainment: Video Games",
        "difficulty": "medium",
        "question": "In career mode of \"Need for Speed: Underground 2\", the first car the player can drive is the BMW M3 GTR.",
        "options": [
            "True",
            "False"
        ],
        "answer": "False"
    },
    {
        "category": "Entertainment: Video Games",
        "difficulty": "medium",
        "question": "Hidden in the files for \"Mario Kart Arcade GP\" is a picture of the Beslan school hostage crisis.",
        "options": [
            "False",
            "True"
        ],
        "answer": "True"
    },
    {
        "category": "Entertainment: Video Games",
        "difficulty": "medium",
        "question": "Nintendo started out as a playing card manufacturer.",
        "options": [
            "False",
            "True"
        ],
        "answer": "True"
    },
    {
        "category": "Entertainment: Video Games",
        "difficulty": "medium",
        "question": "The Sniper's SMG in Team Fortress 2, was originally intended to be the Scout's primary weapon.",
        "options": [
            "True",
            "False"
        ],
        "answer": "True"
    },
    {
        "category": "Entertainment: Video Games",
        "difficulty": "medium",
        "question": "In Portal, the Companion Cube's ARE sentient.",
        "options": [
            "False",
            "True"
        ],
        "answer": "True"
    },
    {
        "category": "Entertainment: Video Games",
        "difficulty": "medium",
        "question": "In Rocket League, you can play Basketball.",
        "options": [
            "False",
            "True"
        ],
        "answer": "True"
    },
    {
        "category": "Entertainment: Video Games",
        "difficulty": "medium",
        "question": "TF2: The Heavy's voice actor, Gary Schwartz, voices the Demoman as well ",
        "options": [
            "False",
            "True"
        ],
        "answer": "True"
    },
    {
        "category": "Entertainment: Video Games",
        "difficulty": "medium",
        "question": "Minecraft wasn\u2019t the original name to Minecraft.",
        "options": [
            "True",
            "False"
        ],
        "answer": "True"
    },
    {
        "category": "Entertainment: Video Games",
        "difficulty": "medium",
        "question": "In \"Super Mario World\", the rhino mini-boss, Reznor, is named after the lead singer of the band \"Nine Inch Nails\".",
        "options": [
            "True",
            "False"
        ],
        "answer": "True"
    },
    {
        "category": "Entertainment: Video Games",
        "difficulty": "hard",
        "question": "What was the name of the game created by Masahiro Sakurai and Satoru Iwata that would eventually evolve into \"Super Smash Bros.\"?",
        "options": [
            "Aerial Warriors: Supreme Battle",
            "Martial Arts: King of the Hill",
            "Nintendo Legends: Fight!",
            "Dragon King: The Fighting Game"
        ],
        "answer": "Dragon King: The Fighting Game"
    },
    {
        "category": "Entertainment: Video Games",
        "difficulty": "hard",
        "question": "Which one of the following titles by Valve is not based on a Community Mod?",
        "options": [
            "Day of Defeat",
            "Alien Swarm",
            "Ricochet",
            "Counter-Strike"
        ],
        "answer": "Ricochet"
    },
    {
        "category": "Entertainment: Video Games",
        "difficulty": "hard",
        "question": "Which gaming series includes \"The Diabolical Box\" and \"The Curious Village\"?",
        "options": [
            "Etrian Odyssey",
            "Sam & Max",
            "Persona",
            "Professor Layton"
        ],
        "answer": "Professor Layton"
    },
    {
        "category": "Entertainment: Video Games",
        "difficulty": "hard",
        "question": "Which of these online games was originally named LindenWorld in it's early development?",
        "options": [
            "IMVU",
            "HabboHotel",
            "ActiveWorlds",
            "SecondLife"
        ],
        "answer": "SecondLife"
    },
    {
        "category": "Entertainment: Video Games",
        "difficulty": "hard",
        "question": "In Xenoblade Chronicles X, which class has a sniper rifle as it's primary weapon?",
        "options": [
            "Bastion Warrior",
            "Winged Viper",
            "Blast Fencer",
            "Partisan Eagle"
        ],
        "answer": "Partisan Eagle"
    },
    {
        "category": "Entertainment: Video Games",
        "difficulty": "hard",
        "question": "In \"Call Of Duty: Zombies\", \"Richtofen\" is in possession of two filled blood vials belonging to who?",
        "options": [
            "Jessica Rose and Jack Vincent",
            "Sal DeLuca and Finn O'Leary",
            "Richtofen",
            "Al Arlington and Sal DeLuca"
        ],
        "answer": "Sal DeLuca and Finn O'Leary"
    },
    {
        "category": "Entertainment: Video Games",
        "difficulty": "hard",
        "question": "Prior to his appearance in Super Smash Bros. Ultimate, What was King K. Rool's last appearance in any game?",
        "options": [
            "Mario Super Sluggers",
            "Donkey Kong Country 3",
            "Donkey Kong: King Of Swing",
            "Donkey Kong 64"
        ],
        "answer": "Mario Super Sluggers"
    },
    {
        "category": "Entertainment: Video Games",
        "difficulty": "hard",
        "question": "Which character from the Mega Man series made a small cameo on Volt Catfish's introduction scene in CD versions of Mega Man X3?",
        "options": [
            "Tango",
            "Eddie",
            "Rush",
            "Auto"
        ],
        "answer": "Auto"
    },
    {
        "category": "Entertainment: Video Games",
        "difficulty": "hard",
        "question": "In Terraria, which debuff does the ankh charm not provide immunity to?",
        "options": [
            "Slow",
            "Bleeding",
            "Cursed",
            "Venom"
        ],
        "answer": "Venom"
    },
    {
        "category": "Entertainment: Video Games",
        "difficulty": "hard",
        "question": "Which of these TrackMania environments was NOT in the original game?",
        "options": [
            "Rally",
            "Snow",
            "Desert",
            "Bay"
        ],
        "answer": "Bay"
    },
    {
        "category": "Entertainment: Video Games",
        "difficulty": "hard",
        "question": "How many copies of the notorious E.T. game for the Atari 2600 did Atari end up selling?",
        "options": [
            "1 Million",
            "1.5 Million",
            "Less than 250 Thousand",
            "250 Thousand"
        ],
        "answer": "1.5 Million"
    },
    {
        "category": "Entertainment: Video Games",
        "difficulty": "hard",
        "question": "Which of these Pok\u00e9mon cannot learn Surf?",
        "options": [
            "Linoone",
            "Nidoking",
            "Tauros",
            "Arbok"
        ],
        "answer": "Arbok"
    },
    {
        "category": "Entertainment: Video Games",
        "difficulty": "hard",
        "question": "In World of Warcraft lore, who organized the creation of the Paladins?",
        "options": [
            "Alonsus Faol",
            "Sargeras, The Daemon Lord",
            "Alexandros Mograine",
            "Uther the Lightbringer"
        ],
        "answer": "Alonsus Faol"
    },
    {
        "category": "Entertainment: Video Games",
        "difficulty": "hard",
        "question": "In the game \"The Sims\", how many Simoleons does each family start with?",
        "options": [
            "20,000",
            "10,000",
            "25,000",
            "15,000"
        ],
        "answer": "20,000"
    },
    {
        "category": "Entertainment: Video Games",
        "difficulty": "hard",
        "question": "What is the main theme song of \"Sonic Adventure 2\"?",
        "options": [
            "His World",
            "Can You Feel the Sunshine?",
            "Live and Learn",
            "Open Your Heart"
        ],
        "answer": "Live and Learn"
    },
    {
        "category": "Entertainment: Video Games",
        "difficulty": "hard",
        "question": "The Paradox Interactive game \"Stellaris\" was released in 2016.",
        "options": [
            "False",
            "True"
        ],
        "answer": "True"
    },
    {
        "category": "Entertainment: Video Games",
        "difficulty": "hard",
        "question": "In The Witcher 3, the Zoltan Chivay Gwent card can be found under the Hanged Man's Tree.",
        "options": [
            "True",
            "False"
        ],
        "answer": "True"
    },
    {
        "category": "Entertainment: Video Games",
        "difficulty": "hard",
        "question": "All of these maps were in \"Tom Clancy's Rainbow Six Siege\" on its initial release: House, Clubhouse, Border, Consulate.",
        "options": [
            "False",
            "True"
        ],
        "answer": "False"
    },
    {
        "category": "Entertainment: Video Games",
        "difficulty": "hard",
        "question": "Super Mario and Paarthurnax (Skyrim) are voiced by the same actor.",
        "options": [
            "True",
            "False"
        ],
        "answer": "True"
    },
    {
        "category": "Entertainment: Video Games",
        "difficulty": "hard",
        "question": "McCree from Overwatch originally started as a character that was going to appear in a scrapped Starcraft game.",
        "options": [
            "True",
            "False"
        ],
        "answer": "True"
    },
    {
        "category": "Entertainment: Video Games",
        "difficulty": "hard",
        "question": "The first \"Metal Gear\" game was released for the PlayStation 1.",
        "options": [
            "False",
            "True"
        ],
        "answer": "False"
    },
    {
        "category": "Entertainment: Video Games",
        "difficulty": "hard",
        "question": "The names of Roxas's Keyblades in Kingdom Hearts are \"Oathkeeper\" and \"Oblivion\".",
        "options": [
            "True",
            "False"
        ],
        "answer": "True"
    },
    {
        "category": "Entertainment: Video Games",
        "difficulty": "hard",
        "question": "In \"The Sims\" series, the most members in a household you can have is 8.",
        "options": [
            "False",
            "True"
        ],
        "answer": "True"
    },
    {
        "category": "Entertainment: Video Games",
        "difficulty": "hard",
        "question": "The video game \"Fuel\" has an open world that is 5,560 square miles?",
        "options": [
            "False",
            "True"
        ],
        "answer": "True"
    },
    {
        "category": "Entertainment: Video Games",
        "difficulty": "hard",
        "question": "In \"Minecraft\", gold tools are faster than diamond tools.",
        "options": [
            "True",
            "False"
        ],
        "answer": "True"
    },
    {
        "category": "Entertainment: Video Games",
        "difficulty": "hard",
        "question": "TF2: Sentry rocket damage falloff is calculated based on the distance between the sentry and the enemy, not the engineer and the enemy",
        "options": [
            "True",
            "False"
        ],
        "answer": "False"
    },
    {
        "category": "Entertainment: Video Games",
        "difficulty": "hard",
        "question": "Unturned originally started as a Roblox game.",
        "options": [
            "True",
            "False"
        ],
        "answer": "True"
    },
    {
        "category": "Entertainment: Video Games",
        "difficulty": "hard",
        "question": "The retail disc of Tony Hawk's Pro Skater 5 only comes with the tutorial.",
        "options": [
            "True",
            "False"
        ],
        "answer": "True"
    },
    {
        "category": "Entertainment: Video Games",
        "difficulty": "hard",
        "question": "In \"Portal 2\", Cave Johnson started out Aperture Science as a shower curtain company.",
        "options": [
            "False",
            "True"
        ],
        "answer": "True"
    },
    {
        "category": "Entertainment: Video Games",
        "difficulty": "hard",
        "question": "In \"Call Of Duty: World At War\", the first appearance of the \"PPSH-41\" in \"Zombies\" was in the map \"Der Riese\".",
        "options": [
            "False",
            "True"
        ],
        "answer": "False"
    }
]