[
    {
        "category": "Entertainment: Books",
        "difficulty": "easy",
        "question": "Which of the following is the world's best-selling book?",
        "options": [
            "The Little Prince",
            "Harry Potter and the Philosopher's Stone",
            "The Da Vinci Code",
            "The Lord of the Rings"
        ],
        "answer": "The Lord of the Rings"
    },
    {
        "category": "Entertainment: Books",
        "difficulty": "easy",
        "question": "How many Harry Potter books are there?",
        "options": [
            "6",
            "5",
            "7",
            "8"
        ],
        "answer": "7"
    },
    {
        "category": "Entertainment: Books",
        "difficulty": "easy",
        "question": "\"Green Eggs And Ham\" is a book by which author?",
        "options": [
            "Beatrix Potter",
            "Roald Dahl",
            "A.A. Milne",
            "Dr. Seuss"
        ],
        "answer": "Dr. Seuss"
    },
    {
        "category": "Entertainment: Books",
        "difficulty": "easy",
        "question": "What is the name of the three headed dog in Harry Potter and the Sorcerer's Stone?",
        "options": [
            "Spot",
            "Fluffy",
            "Poofy",
            "Spike"
        ],
        "answer": "Fluffy"
    },
    {
        "category": "Entertainment: Books",
        "difficulty": "easy",
        "question": "In what Harry Potter book was a Horcrux first encountered?",
        "options": [
            "The Chamber of Secrets",
            "The Deathly Hallows",
            "The Goblet of Fire",
            "The Half-Blood Prince"
        ],
        "answer": "The Chamber of Secrets"
    },
    {
        "category": "Entertainment: Books",
        "difficulty": "easy",
        "question": "What is the name of the protagonist of J.D. Salinger's novel Catcher in the Rye?",
        "options": [
            "Fletcher Christian",
            "Holden Caulfield",
            "Randall Flagg",
            "Jay Gatsby"
        ],
        "answer": "Holden Caulfield"
    },
    {
        "category": "Entertainment: Books",
        "difficulty": "easy",
        "question": "What's Harry Potter's dad's name?",
        "options": [
            "Joey Potter",
            "Frank Potter",
            "James Potter",
            "Hairy Potter Sr."
        ],
        "answer": "James Potter"
    },
    {
        "category": "Entertainment: Books",
        "difficulty": "easy",
        "question": "Who was the author of the 1954 novel, \"Lord of the Flies\"?",
        "options": [
            "F. Scott Fitzgerald",
            "Hunter Fox",
            "William Golding",
            "Stephen King"
        ],
        "answer": "William Golding"
    },
    {
        "category": "Entertainment: Books",
        "difficulty": "easy",
        "question": "American illustrator and writer Maurice Sendak is most well-known for writing which children's book?",
        "options": [
            "The Cat in the Hat",
            "The Neverending Story",
            "Charlie and the Chocolate Factory",
            "Where The Wild Things Are"
        ],
        "answer": "Where The Wild Things Are"
    },
    {
        "category": "Entertainment: Books",
        "difficulty": "easy",
        "question": "This play is generally considered to be the most adaptable of Shakespeare\u2019s works, and follows two \u201cstar-crossed lovers\u201d.",
        "options": [
            "Hamlet",
            "Romeo and Juliet",
            "The Tempest",
            "King Lear"
        ],
        "answer": "Romeo and Juliet"
    },
    {
        "category": "Entertainment: Books",
        "difficulty": "easy",
        "question": "What was the first ever entry written for the SCP Foundation collaborative writing project?",
        "options": [
            "SCP-1459",
            "SCP-001",
            "SCP-999",
            "SCP-173"
        ],
        "answer": "SCP-173"
    },
    {
        "category": "Entertainment: Books",
        "difficulty": "easy",
        "question": "Who wrote the young adult novel \"The Fault in Our Stars\"?",
        "options": [
            "John Green",
            "Suzanne Collins",
            "Stephenie Meyer",
            "Stephen Chbosky"
        ],
        "answer": "John Green"
    },
    {
        "category": "Entertainment: Books",
        "difficulty": "easy",
        "question": "What's the second book in George R. R. Martin's 'A Song of Ice and Fire' series?",
        "options": [
            "A Storm of Swords",
            "A Clash of Kings",
            "A Feast for Crows",
            "A Dance with Dragons"
        ],
        "answer": "A Clash of Kings"
    },
    {
        "category": "Entertainment: Books",
        "difficulty": "easy",
        "question": "Who wrote \"A Tale of Two Cities\"?",
        "options": [
            "Charles Dickens",
            "Roald Dahl",
            "Mark Twain",
            "Charles Darwin"
        ],
        "answer": "Charles Dickens"
    },
    {
        "category": "Entertainment: Books",
        "difficulty": "easy",
        "question": "Which classic book opens with the line \"Call me Ishmael\"?",
        "options": [
            "Kidnapped",
            "A Tale of Two Cities",
            "Wuthering Heights",
            "Moby Dick"
        ],
        "answer": "Moby Dick"
    },
    {
        "category": "Entertainment: Books",
        "difficulty": "medium",
        "question": "Who wrote the 1967 horror novel \"Rosemary's Baby\"?",
        "options": [
            "Ira Levin",
            "Robert Bloch",
            "Mary Shelley",
            "Stephen King"
        ],
        "answer": "Ira Levin"
    },
    {
        "category": "Entertainment: Books",
        "difficulty": "medium",
        "question": "Who is the protagonist of the book: \"The Catcher in the Rye\" by J.D. Salinger",
        "options": [
            "Jerome Caulfield",
            "Holden David",
            "Jerome David",
            "Holden Caulfield"
        ],
        "answer": "Holden Caulfield"
    },
    {
        "category": "Entertainment: Books",
        "difficulty": "medium",
        "question": "Which of the following was the author of \"Username Evie\"?",
        "options": [
            "Joe Weller",
            "Alfie Deyes",
            "Joe Sugg",
            "Zoe Sugg"
        ],
        "answer": "Joe Sugg"
    },
    {
        "category": "Entertainment: Books",
        "difficulty": "medium",
        "question": "The title of Adolf Hitler's autobiography \"Mein Kampf\" is what when translated to English?",
        "options": [
            "My Desire",
            "My Struggle",
            "My Sadness",
            "My Hatred"
        ],
        "answer": "My Struggle"
    },
    {
        "category": "Entertainment: Books",
        "difficulty": "medium",
        "question": "In the \"Harry Potter\" novels, what must a Hogwarts student do to enter the Ravenclaw Common Room?",
        "options": [
            "Speak a password",
            "Answer a riddle",
            "Knock in sequence",
            "Rhythmically tap barrels with a wand"
        ],
        "answer": "Answer a riddle"
    },
    {
        "category": "Entertainment: Books",
        "difficulty": "medium",
        "question": "Which American author was also a budding travel writer and wrote of his adventures with his dog Charley?",
        "options": [
            "F. Scott Fitzgerald",
            "William Faulkner",
            "John Steinbeck",
            "Ernest Hemingway"
        ],
        "answer": "John Steinbeck"
    },
    {
        "category": "Entertainment: Books",
        "difficulty": "medium",
        "question": "In Rudyard Kipling's \"The Jungle Book\", what type of snake was Kaa?",
        "options": [
            "Anaconda",
            "Cobra",
            "Python",
            "Viper"
        ],
        "answer": "Python"
    },
    {
        "category": "Entertainment: Books",
        "difficulty": "medium",
        "question": "Who wrote the \"A Song of Ice And Fire\" fantasy novel series?",
        "options": [
            "George Lucas",
            "George R. R. Martin",
            "George Eliot",
            "George Orwell"
        ],
        "answer": "George R. R. Martin"
    },
    {
        "category": "Entertainment: Books",
        "difficulty": "medium",
        "question": "What is the name of Eragon's dragon in \"Eragon\"?",
        "options": [
            "Thorn",
            "Glaedr",
            "Saphira",
            "Arya"
        ],
        "answer": "Saphira"
    },
    {
        "category": "Entertainment: Books",
        "difficulty": "medium",
        "question": "What was the pen name of novelist, Mary Ann Evans?",
        "options": [
            "George Saunders",
            "George Eliot",
            "George Bernard Shaw",
            "George Orwell"
        ],
        "answer": "George Eliot"
    },
    {
        "category": "Entertainment: Books",
        "difficulty": "medium",
        "question": "What is the name of the gang that Ponyboy is a part of in the book, The Outsiders?",
        "options": [
            "The Socs",
            "The Outsiders",
            "The Mafia",
            "The Greasers"
        ],
        "answer": "The Greasers"
    },
    {
        "category": "Entertainment: Books",
        "difficulty": "medium",
        "question": "According to The Hitchhiker's Guide to the Galaxy book, the answer to life, the universe and everything else is...",
        "options": [
            "Loving everyone around you",
            "Death",
            "42",
            "Chocolate"
        ],
        "answer": "42"
    },
    {
        "category": "Entertainment: Books",
        "difficulty": "medium",
        "question": "Who is the author of the series \"Malazan Book of the Fallen\"?",
        "options": [
            "Steven Erikson",
            "J. R. R. Tolkien",
            "Ian Cameron Esslemont",
            "George R. R. Martin"
        ],
        "answer": "Steven Erikson"
    },
    {
        "category": "Entertainment: Books",
        "difficulty": "medium",
        "question": "What was the last message of the Dolphins in \"The Hitchhiker's Guide to the Galaxy\"?",
        "options": [
            "\"So long, and thanks for all the fish.\"",
            "\"Goodbye cruel world!\"",
            "\"The answer is 42.\"",
            "\"Land of the brave.\""
        ],
        "answer": "\"So long, and thanks for all the fish.\""
    },
    {
        "category": "Entertainment: Books",
        "difficulty": "medium",
        "question": "In the \"The Hobbit\", who kills Smaug?",
        "options": [
            "Gandalf the Grey",
            "Bard",
            "Frodo",
            "Bilbo Baggins"
        ],
        "answer": "Bard"
    },
    {
        "category": "Entertainment: Books",
        "difficulty": "hard",
        "question": "Which of these does Charlie NOT read in The Perks of Being a Wallflower?",
        "options": [
            "The Great Gatsby",
            "Hamlet",
            "Peter Pan",
            "The Grapes of Wrath"
        ],
        "answer": "The Grapes of Wrath"
    },
    {
        "category": "Entertainment: Books",
        "difficulty": "hard",
        "question": "Which of the following is NOT a work done by Shakespeare?",
        "options": [
            "Measure For Measure",
            "Titus Andronicus",
            "Trial of Temperance",
            "Cymbeline"
        ],
        "answer": "Trial of Temperance"
    },
    {
        "category": "Entertainment: Books",
        "difficulty": "hard",
        "question": "In the \"Harry Potter\" series, what is Headmaster Dumbledore's full name?",
        "options": [
            "Albus Valencium Horatio Kul Dumbledore",
            "Albus Valum Jetta Mobius Dumbledore",
            "Albus Percival Wulfric Brian Dumbledore",
            "Albus James Lunae Otto Dumbledore"
        ],
        "answer": "Albus Percival Wulfric Brian Dumbledore"
    },
    {
        "category": "Entertainment: Books",
        "difficulty": "hard",
        "question": "In the Harry Potter universe, what is Cornelius Fudge's middle name?",
        "options": [
            "Harold",
            "James",
            "Oswald",
            "Christopher"
        ],
        "answer": "Oswald"
    },
    {
        "category": "Entertainment: Books",
        "difficulty": "hard",
        "question": "In the Harry Potter universe, who does Draco Malfoy end up marrying?",
        "options": [
            "Millicent Bulstrode",
            "Hermione Granger",
            "Astoria Greengrass",
            "Pansy Parkinson"
        ],
        "answer": "Astoria Greengrass"
    },
    {
        "category": "Entertainment: Books",
        "difficulty": "hard",
        "question": "In which classic novel by Mark Twain did a beggar and Prince of Wales switch clothes, and learn about social class inequality?",
        "options": [
            "The Prince and the Pauper",
            "A Modern Twain Story",
            "Wealthy Boy and the Schmuck",
            "Hamlet"
        ],
        "answer": "The Prince and the Pauper"
    },
    {
        "category": "Entertainment: Books",
        "difficulty": "hard",
        "question": "In the book \"The Martian\", how long was Mark Watney trapped on Mars (in Sols)?",
        "options": [
            "324 Days",
            "549 Days",
            "401 Days",
            "765 Days"
        ],
        "answer": "549 Days"
    },
    {
        "category": "Entertainment: Books",
        "difficulty": "hard",
        "question": "In Margaret Atwood's \"The Handmaid's Tale\", what is Offred's real name is implied to be?",
        "options": [
            "August",
            "April",
            "June",
            "May"
        ],
        "answer": "June"
    },
    {
        "category": "Entertainment: Books",
        "difficulty": "hard",
        "question": "What is the name of the town in which Lily and James Potter are buried?",
        "options": [
            "Hogsmeade",
            "Ottery St. Catchpole",
            "Godric's Hollow",
            "Little Hangleton"
        ],
        "answer": "Godric's Hollow"
    },
    {
        "category": "Entertainment: Books",
        "difficulty": "hard",
        "question": "Where does the book \"The Silence of the Lambs\" get its title from?",
        "options": [
            "The villain's favourite meal",
            "The main character's trauma in childhood",
            "The voice of innocent people being shut by the powerful",
            "The relation it has with killing the innocents"
        ],
        "answer": "The main character's trauma in childhood"
    },
    {
        "category": "Entertainment: Books",
        "difficulty": "hard",
        "question": "Who wrote the novel \"Moby-Dick\"?",
        "options": [
            "Herman Melville",
            "William Shakespeare",
            "J. R. R. Tolkien",
            "William Golding"
        ],
        "answer": "Herman Melville"
    },
    {
        "category": "Entertainment: Books",
        "difficulty": "hard",
        "question": "What is Hermione Granger's middle name?",
        "options": [
            "Jo",
            "Jane",
            "Emma",
            "Jean"
        ],
        "answer": "Jean"
    },
    {
        "category": "Entertainment: Books",
        "difficulty": "hard",
        "question": "The novel \"Jane Eyre\" was written by what author? ",
        "options": [
            "Jane Austen",
            "Charlotte Bront\u00eb",
            "Emily Bront\u00eb",
            "Louisa May Alcott"
        ],
        "answer": "Charlotte Bront\u00eb"
    },
    {
        "category": "Entertainment: Books",
        "difficulty": "hard",
        "question": "Which classic horror character killed Elizabeth Lavenza?",
        "options": [
            "Werewolf",
            "Frankenstein's Monster",
            "The Creature from the Black Lagoon",
            "Count Dracula"
        ],
        "answer": "Frankenstein's Monster"
    },
    {
        "category": "Entertainment: Books",
        "difficulty": "hard",
        "question": "According to Bram Stoker's novel, in which British coastal town did Dracula come ashore?",
        "options": [
            "Whitby",
            "Brighton",
            "Scarborough",
            "Portsmouth"
        ],
        "answer": "Whitby"
    }
]