[
    {
        "category": "Geography",
        "difficulty": "easy",
        "question": "What colour is the circle on the Japanese flag?",
        "options": [
            "Yellow",
            "Black",
            "White",
            "Red"
        ],
        "answer": "Red"
    },
    {
        "category": "Geography",
        "difficulty": "easy",
        "question": "All of the following are classified as Finno-Ugric languages EXCEPT:",
        "options": [
            "Hungarian",
            "Samoyedic",
            "Estonian",
            "Finnish"
        ],
        "answer": "Samoyedic"
    },
    {
        "category": "Geography",
        "difficulty": "easy",
        "question": "What is the official language of Costa Rica?",
        "options": [
            "Spanish",
            "English",
            "Portuguese",
            "Creole"
        ],
        "answer": "Spanish"
    },
    {
        "category": "Geography",
        "difficulty": "easy",
        "question": "In which Indian city can the Taj Mahal be found?",
        "options": [
            "Mumbai",
            "Thane",
            "Agra",
            "Faridabad"
        ],
        "answer": "Agra"
    },
    {
        "category": "Geography",
        "difficulty": "easy",
        "question": "What is Canada's smallest province?",
        "options": [
            "Nova Scotia",
            "Prince Edward Island",
            "Yukon",
            "New Brunswick"
        ],
        "answer": "Prince Edward Island"
    },
    {
        "category": "Geography",
        "difficulty": "easy",
        "question": "What is the capital of Spain?",
        "options": [
            "Sevilla",
            "Barcelona",
            "Madrid",
            "Toledo"
        ],
        "answer": "Madrid"
    },
    {
        "category": "Geography",
        "difficulty": "easy",
        "question": "Which of these is the name of the largest city in the US state Tennessee?",
        "options": [
            "Memphis",
            "Luxor",
            "Alexandria",
            "Thebes"
        ],
        "answer": "Memphis"
    },
    {
        "category": "Geography",
        "difficulty": "easy",
        "question": "Vatican City, the smallest country in the world, is fully enclosed by which country?",
        "options": [
            "Spain",
            "Germany",
            "France",
            "Italy"
        ],
        "answer": "Italy"
    },
    {
        "category": "Geography",
        "difficulty": "easy",
        "question": "Which of the following Arab countries does NOT have a flag containing only Pan-Arab colours?",
        "options": [
            "Qatar",
            "United Arab Emirates",
            "Jordan",
            "Kuwait"
        ],
        "answer": "Qatar"
    },
    {
        "category": "Geography",
        "difficulty": "easy",
        "question": "How many federal states does Germany have?",
        "options": [
            "13",
            "32",
            "16",
            "25"
        ],
        "answer": "16"
    },
    {
        "category": "Geography",
        "difficulty": "easy",
        "question": "What is the name of the ocean that Hawaii is located in?",
        "options": [
            "Indian",
            "Atlantic",
            "Arctic",
            "Pacific"
        ],
        "answer": "Pacific"
    },
    {
        "category": "Geography",
        "difficulty": "easy",
        "question": "The longest shared border in the world can be found between which two nations?",
        "options": [
            "Canada and the United States",
            "India and Pakistan",
            "Russia and China",
            "Chile and Argentina"
        ],
        "answer": "Canada and the United States"
    },
    {
        "category": "Geography",
        "difficulty": "easy",
        "question": "What is the largest country, by area, that has only one time zone?",
        "options": [
            "India",
            "China",
            "Russia",
            "Canada"
        ],
        "answer": "China"
    },
    {
        "category": "Geography",
        "difficulty": "easy",
        "question": "What is the nickname for the US state Delaware?",
        "options": [
            "The Fiftieth State",
            "The Second State",
            "The First State",
            "The Sixteenth State"
        ],
        "answer": "The First State"
    },
    {
        "category": "Geography",
        "difficulty": "easy",
        "question": "If soccer is called football in England, what is American football called in England?",
        "options": [
            "Handball",
            "American football",
            "Touchdown",
            "Combball"
        ],
        "answer": "American football"
    },
    {
        "category": "Geography",
        "difficulty": "easy",
        "question": "Nova Scotia is on the east coast of Canada.",
        "options": [
            "True",
            "False"
        ],
        "answer": "True"
    },
    {
        "category": "Geography",
        "difficulty": "easy",
        "question": "Ottawa is the capital of Canada.",
        "options": [
            "False",
            "True"
        ],
        "answer": "True"
    },
    {
        "category": "Geography",
        "difficulty": "easy",
        "question": "The Republic of Malta is the smallest microstate worldwide.",
        "options": [
            "False",
            "True"
        ],
        "answer": "False"
    },
    {
        "category": "Geography",
        "difficulty": "easy",
        "question": "Greenland is almost as big as Africa.",
        "options": [
            "False",
            "True"
        ],
        "answer": "False"
    },
    {
        "category": "Geography",
        "difficulty": "easy",
        "question": "Toronto is the capital city of the North American country of Canada.",
        "options": [
            "True",
            "False"
        ],
        "answer": "False"
    },
    {
        "category": "Geography",
        "difficulty": "easy",
        "question": "St. Louis is the capital of the US State Missouri.",
        "options": [
            "True",
            "False"
        ],
        "answer": "False"
    },
    {
        "category": "Geography",
        "difficulty": "easy",
        "question": "There are no deserts in Europe.",
        "options": [
            "False",
            "True"
        ],
        "answer": "True"
    },
    {
        "category": "Geography",
        "difficulty": "easy",
        "question": "Alaska is the largest state in the United States.",
        "options": [
            "False",
            "True"
        ],
        "answer": "True"
    },
    {
        "category": "Geography",
        "difficulty": "easy",
        "question": "Tokyo is the capital of Japan.",
        "options": [
            "True",
            "False"
        ],
        "answer": "True"
    },
    {
        "category": "Geography",
        "difficulty": "easy",
        "question": "Africa is a country.",
        "options": [
            "False",
            "True"
        ],
        "answer": "False"
    },
    {
        "category": "Geography",
        "difficulty": "easy",
        "question": "A group of islands is called an 'archipelago'.",
        "options": [
            "True",
            "False"
        ],
        "answer": "True"
    },
    {
        "category": "Geography",
        "difficulty": "easy",
        "question": "There is an island in Japan called \u014ckunoshima, A.K.A. \"Rabbit Island\", so named because of it's huge population of rabbits.",
        "options": [
            "True",
            "False"
        ],
        "answer": "True"
    },
    {
        "category": "Geography",
        "difficulty": "easy",
        "question": "California is larger than Japan.",
        "options": [
            "True",
            "False"
        ],
        "answer": "True"
    },
    {
        "category": "Geography",
        "difficulty": "easy",
        "question": "San Marino is the only country completely surrounded by another country.",
        "options": [
            "False",
            "True"
        ],
        "answer": "False"
    },
    {
        "category": "Geography",
        "difficulty": "easy",
        "question": "Portugal's modern territory was once a part of the Roman Empire.",
        "options": [
            "False",
            "True"
        ],
        "answer": "True"
    },
    {
        "category": "Geography",
        "difficulty": "medium",
        "question": "What African country has Portuguese as its official language?",
        "options": [
            "Mozambique",
            "Togo",
            "Gabon",
            "Botswana"
        ],
        "answer": "Mozambique"
    },
    {
        "category": "Geography",
        "difficulty": "medium",
        "question": "Bridgetown is the capital of which island country in the Carribean?",
        "options": [
            "Barbados",
            "Jamaica\u200e",
            "Dominica",
            "Cuba"
        ],
        "answer": "Barbados"
    },
    {
        "category": "Geography",
        "difficulty": "medium",
        "question": "What is the busiest port in Europe?",
        "options": [
            "Port of Antwerp",
            "Port of Hamburg",
            "Port of Amsterdam",
            "Port of Rotterdam"
        ],
        "answer": "Port of Rotterdam"
    },
    {
        "category": "Geography",
        "difficulty": "medium",
        "question": "Broome is a town in which state of Australia?",
        "options": [
            "Northern Territory",
            "Tasmania",
            "South Australia",
            "Western Australia"
        ],
        "answer": "Western Australia"
    },
    {
        "category": "Geography",
        "difficulty": "medium",
        "question": "How many counties in the Republic of Ireland.",
        "options": [
            "30",
            "32",
            "28",
            "26"
        ],
        "answer": "26"
    },
    {
        "category": "Geography",
        "difficulty": "medium",
        "question": "What continent is the country Lesotho in?",
        "options": [
            "Africa",
            "Asia",
            "Europe",
            "South America"
        ],
        "answer": "Africa"
    },
    {
        "category": "Geography",
        "difficulty": "medium",
        "question": "Which city is the capital of Switzerland?",
        "options": [
            "Z\u00fcrich",
            "Wien",
            "Frankfurt",
            "Bern"
        ],
        "answer": "Bern"
    },
    {
        "category": "Geography",
        "difficulty": "medium",
        "question": "What is the right way to spell the capital of Hungary?",
        "options": [
            "Budapest",
            "Budapast",
            "Bhudapest",
            "Boodapest"
        ],
        "answer": "Budapest"
    },
    {
        "category": "Geography",
        "difficulty": "medium",
        "question": "What is the capital of Peru?",
        "options": [
            "Buenos Aires",
            "Santiago",
            "Lima",
            "Montevideo"
        ],
        "answer": "Lima"
    },
    {
        "category": "Geography",
        "difficulty": "medium",
        "question": "The land mass of modern day Turkey is called what?",
        "options": [
            "Ismuth of Anatolia",
            "Ottoma",
            "Anatolia",
            "Ismuth of Ottoma"
        ],
        "answer": "Anatolia"
    },
    {
        "category": "Geography",
        "difficulty": "medium",
        "question": "What was the African nation of Zimbabwe formerly known as?",
        "options": [
            "Mozambique",
            " Bulawayo",
            "Rhodesia",
            "Zambia"
        ],
        "answer": "Rhodesia"
    },
    {
        "category": "Geography",
        "difficulty": "medium",
        "question": "What mountain range lines the border between Spain and France?",
        "options": [
            "Urals",
            "Pyrenees",
            "Carpathians",
            "Alps"
        ],
        "answer": "Pyrenees"
    },
    {
        "category": "Geography",
        "difficulty": "medium",
        "question": "What is the name of the only remaining Grand Duchy in the world ?",
        "options": [
            "Liechtenstein",
            "Luxembourg",
            "Andorra",
            "Montenegro"
        ],
        "answer": "Luxembourg"
    },
    {
        "category": "Geography",
        "difficulty": "medium",
        "question": "What is the capital of Lithuania?",
        "options": [
            "Vilnius",
            "Helsinki",
            "Riga",
            "Tallinn"
        ],
        "answer": "Vilnius"
    },
    {
        "category": "Geography",
        "difficulty": "medium",
        "question": "Which of these Mediterranian islands is under the sovereign rule of France?",
        "options": [
            "Corsica",
            "Sardinia",
            "Malta",
            "Majorca"
        ],
        "answer": "Corsica"
    },
    {
        "category": "Geography",
        "difficulty": "medium",
        "question": "There are no roads in/out of Juneau, Alaska.",
        "options": [
            "True",
            "False"
        ],
        "answer": "True"
    },
    {
        "category": "Geography",
        "difficulty": "medium",
        "question": "\"Mongolia\" was a part of the now non-existent U.S.S.R.",
        "options": [
            "True",
            "False"
        ],
        "answer": "False"
    },
    {
        "category": "Geography",
        "difficulty": "medium",
        "question": "Gothenburg is the capital of Sweden.",
        "options": [
            "False",
            "True"
        ],
        "answer": "False"
    },
    {
        "category": "Geography",
        "difficulty": "medium",
        "question": "The capital of the US State Ohio is the city of Chillicothe.",
        "options": [
            "True",
            "False"
        ],
        "answer": "False"
    },
    {
        "category": "Geography",
        "difficulty": "medium",
        "question": "The flag of South Africa features 7 colours.",
        "options": [
            "False",
            "True"
        ],
        "answer": "False"
    },
    {
        "category": "Geography",
        "difficulty": "medium",
        "question": "Vietnam is the only country in the world that starts with V. ",
        "options": [
            "True",
            "False"
        ],
        "answer": "False"
    },
    {
        "category": "Geography",
        "difficulty": "medium",
        "question": "You could walk from Norway to North Korea while only passing through Russia.",
        "options": [
            "True",
            "False"
        ],
        "answer": "True"
    },
    {
        "category": "Geography",
        "difficulty": "medium",
        "question": "Israel is 7 hours ahead of New York.",
        "options": [
            "False",
            "True"
        ],
        "answer": "True"
    },
    {
        "category": "Geography",
        "difficulty": "medium",
        "question": "The Southeast Asian island of Borneo is politically divided among 3 countries.",
        "options": [
            "True",
            "False"
        ],
        "answer": "True"
    },
    {
        "category": "Geography",
        "difficulty": "medium",
        "question": "Is Tartu the capital of Estonia?",
        "options": [
            "True",
            "False"
        ],
        "answer": "False"
    },
    {
        "category": "Geography",
        "difficulty": "medium",
        "question": "Liechtenstein does not have an airport.",
        "options": [
            "True",
            "False"
        ],
        "answer": "True"
    },
    {
        "category": "Geography",
        "difficulty": "medium",
        "question": "Norway has a larger land area than Sweden.",
        "options": [
            "True",
            "False"
        ],
        "answer": "False"
    },
    {
        "category": "Geography",
        "difficulty": "medium",
        "question": "Japan has left-hand side traffic.",
        "options": [
            "True",
            "False"
        ],
        "answer": "True"
    },
    {
        "category": "Geography",
        "difficulty": "medium",
        "question": "The longest place named in the United States is Lake Chargoggagoggmanchauggagoggchaubunagungamaugg, located near Webster, MA.",
        "options": [
            "True",
            "False"
        ],
        "answer": "True"
    },
    {
        "category": "Geography",
        "difficulty": "medium",
        "question": "The Sonoran Desert is located in eastern Africa.",
        "options": [
            "False",
            "True"
        ],
        "answer": "False"
    },
    {
        "category": "Geography",
        "difficulty": "hard",
        "question": "Which of these is NOT a city in India?",
        "options": [
            "Ghaziabad",
            "Islamabad",
            "Hyderabad",
            "Ahmedabad"
        ],
        "answer": "Islamabad"
    },
    {
        "category": "Geography",
        "difficulty": "hard",
        "question": "Where is the fast food chain \"Panda Express\" headquartered?",
        "options": [
            "Fresno, California",
            "Sacramento, California",
            "San Diego, California",
            "Rosemead, California"
        ],
        "answer": "Rosemead, California"
    },
    {
        "category": "Geography",
        "difficulty": "hard",
        "question": "What is the capital of Wisconsin, USA?",
        "options": [
            "Green Bay",
            "Madison",
            "Wisconsin Dells",
            "Milwaukee"
        ],
        "answer": "Madison"
    },
    {
        "category": "Geography",
        "difficulty": "hard",
        "question": "How many stations does the Central Line have on the London Underground?",
        "options": [
            "49",
            "47",
            "43",
            "51"
        ],
        "answer": "49"
    },
    {
        "category": "Geography",
        "difficulty": "hard",
        "question": "What is the name of the Canadian national anthem?",
        "options": [
            "O Red Maple",
            "March of the Puck Drop",
            "Leaf-Spangled Banner",
            "O Canada"
        ],
        "answer": "O Canada"
    },
    {
        "category": "Geography",
        "difficulty": "hard",
        "question": "What is the land connecting North America and South America?",
        "options": [
            "Isthmus of Panama",
            "Australasia",
            "Urals",
            "Isthmus of Suez"
        ],
        "answer": "Isthmus of Panama"
    },
    {
        "category": "Geography",
        "difficulty": "hard",
        "question": "What is the official German name of the Swiss Federal Railways?",
        "options": [
            "Schweizerische Nationalbahnen",
            "Bundesbahnen der Schweiz",
            "Schweizerische Staatsbahnen",
            "Schweizerische Bundesbahnen"
        ],
        "answer": "Schweizerische Bundesbahnen"
    },
    {
        "category": "Geography",
        "difficulty": "hard",
        "question": "What is the name of rocky region that spans most of eastern Canada?",
        "options": [
            "Appalachian Mountains",
            "Rocky Mountains",
            "Canadian Shield",
            "Himalayas"
        ],
        "answer": "Canadian Shield"
    },
    {
        "category": "Geography",
        "difficulty": "hard",
        "question": "What is the county seat of King County, Washington?",
        "options": [
            "Bellevue",
            "Enumclaw",
            "Skykomish",
            "Seattle"
        ],
        "answer": "Seattle"
    },
    {
        "category": "Geography",
        "difficulty": "hard",
        "question": "What is the area of Vatican City?",
        "options": [
            "0.86km^2",
            "0.44km^2",
            "0.10km^2",
            "12.00km^2"
        ],
        "answer": "0.44km^2"
    },
    {
        "category": "Geography",
        "difficulty": "hard",
        "question": "Which country is completely landlocked by South Africa?",
        "options": [
            "Lesotho",
            "Swaziland",
            "Botswana",
            "Zimbabwe"
        ],
        "answer": "Lesotho"
    },
    {
        "category": "Geography",
        "difficulty": "hard",
        "question": "What national museum will you find in Cooperstown, New York?",
        "options": [
            "Museum of Modern Art",
            "Metropolitan Museum of Art",
            "National Baseball Hall of Fame",
            "National Toy Hall of Fame"
        ],
        "answer": "National Baseball Hall of Fame"
    },
    {
        "category": "Geography",
        "difficulty": "hard",
        "question": "In which country is Tallinn located?",
        "options": [
            "Finland",
            "Sweden",
            "Poland",
            "Estonia"
        ],
        "answer": "Estonia"
    },
    {
        "category": "Geography",
        "difficulty": "hard",
        "question": "What is the name of one of the Neo-Aramaic languages spoken by the Jewish population from Northwestern Iraq?",
        "options": [
            "Hulaul\u00e1",
            "Lishana Deni",
            "Lishan Didan",
            "Chaldean Neo-Aramaic"
        ],
        "answer": "Lishana Deni"
    },
    {
        "category": "Geography",
        "difficulty": "hard",
        "question": "Which of these cities is NOT in England?",
        "options": [
            "Oxford",
            "Manchester",
            "Southampton",
            "Edinburgh"
        ],
        "answer": "Edinburgh"
    }
]