[
    {
        "category": "Entertainment: Board Games",
        "difficulty": "easy",
        "question": "In Dungeons and Dragons (5th edition), what stat do you normally add onto your initiative die roll?",
        "options": [
            "Strength",
            "Speed",
            "Wisdom",
            "Dexterity"
        ],
        "answer": "Dexterity"
    },
    {
        "category": "Entertainment: Board Games",
        "difficulty": "easy",
        "question": "In which year was the pen and paper RPG \"Deadlands\" released?",
        "options": [
            "1996",
            "2003",
            "1999",
            "1993"
        ],
        "answer": "1996"
    },
    {
        "category": "Entertainment: Board Games",
        "difficulty": "easy",
        "question": "In board games, an additional or ammended rule that applies to a certain group or place is informally known as a \"what\" rule?",
        "options": [
            "Custom",
            "Extra",
            "House",
            "Change"
        ],
        "answer": "House"
    },
    {
        "category": "Entertainment: Board Games",
        "difficulty": "easy",
        "question": "The board game Monopoly takes its street names from which real American city?",
        "options": [
            "Duluth, Minnesota",
            "Atlantic City, New Jersey",
            "Charleston, South Carolina",
            "Las Vegas, Nevada"
        ],
        "answer": "Atlantic City, New Jersey"
    },
    {
        "category": "Entertainment: Board Games",
        "difficulty": "easy",
        "question": "How many spaces are there on a standard Monopoly board?",
        "options": [
            "40",
            "28",
            "55",
            "36"
        ],
        "answer": "40"
    },
    {
        "category": "Entertainment: Board Games",
        "difficulty": "easy",
        "question": "In chess, which is a characteristic of the King's Gambit?",
        "options": [
            "Moving the king on the 2nd move",
            "Sacrificing the king for a queen",
            "Castling kingside",
            "Sacrificing a pawn"
        ],
        "answer": "Sacrificing a pawn"
    },
    {
        "category": "Entertainment: Board Games",
        "difficulty": "easy",
        "question": "What is the maximum level you can have in a single class in Dungeons and Dragons (5e)?",
        "options": [
            "15",
            "20",
            "30",
            "25"
        ],
        "answer": "20"
    },
    {
        "category": "Entertainment: Board Games",
        "difficulty": "easy",
        "question": "Which one of these is not a real game in the Dungeons & Dragons series?",
        "options": [
            "Advanced Dungeons & Dragons",
            "Extreme Dungeons & Dragons",
            "Advanced Dungeons & Dragons 2nd edition",
            "Dungeons & Dragons 3.5th edition"
        ],
        "answer": "Extreme Dungeons & Dragons"
    },
    {
        "category": "Entertainment: Board Games",
        "difficulty": "easy",
        "question": "Carcassonne is based on which French town?",
        "options": [
            "Marseille",
            "Clermont-Ferrand",
            "Paris",
            "Carcassonne"
        ],
        "answer": "Carcassonne"
    },
    {
        "category": "Entertainment: Board Games",
        "difficulty": "easy",
        "question": "Which of these board games do NOT utilize standard 6-sided dice?",
        "options": [
            "The Game of Life",
            "Monopoly",
            "Snakes and Ladders",
            "Risk"
        ],
        "answer": "The Game of Life"
    },
    {
        "category": "Entertainment: Board Games",
        "difficulty": "easy",
        "question": "Which of the following is NOT a class in Dungeons and Dragons 5e?",
        "options": [
            "Paladin ",
            "Fighter ",
            "Engineer ",
            "Bard"
        ],
        "answer": "Engineer "
    },
    {
        "category": "Entertainment: Board Games",
        "difficulty": "easy",
        "question": "How many dots are on a single die?",
        "options": [
            "15",
            "21",
            "24",
            "18"
        ],
        "answer": "21"
    },
    {
        "category": "Entertainment: Board Games",
        "difficulty": "easy",
        "question": "How many dice are used in the game of Yahtzee?",
        "options": [
            "Five",
            "Four",
            "Six",
            "Eight"
        ],
        "answer": "Five"
    },
    {
        "category": "Entertainment: Board Games",
        "difficulty": "easy",
        "question": "How many pieces are there on the board at the start of a game of chess?",
        "options": [
            "20",
            "36",
            "16",
            "32"
        ],
        "answer": "32"
    },
    {
        "category": "Entertainment: Board Games",
        "difficulty": "easy",
        "question": "On a standard Monopoly board, which square is diagonally opposite 'Go'? ",
        "options": [
            "Go to Jail",
            "Free Parking",
            "Jail",
            "The Electric Company"
        ],
        "answer": "Free Parking"
    },
    {
        "category": "Entertainment: Board Games",
        "difficulty": "medium",
        "question": "What happens when you roll 3 doubles in a row in Monopoly?",
        "options": [
            "Get paid $200",
            "Pay $200",
            "Move to Free Parking",
            "Go to jail"
        ],
        "answer": "Go to jail"
    },
    {
        "category": "Entertainment: Board Games",
        "difficulty": "medium",
        "question": "Europa Universalis is a strategy video game based on which French board game?",
        "options": [
            "Europa Universalis",
            "Power in Europe",
            "Europa!",
            "Europe and the Universe"
        ],
        "answer": "Europa Universalis"
    },
    {
        "category": "Entertainment: Board Games",
        "difficulty": "medium",
        "question": "The board game, Nightmare was released in what year?",
        "options": [
            "1995",
            "1991",
            "1989",
            "1992"
        ],
        "answer": "1991"
    },
    {
        "category": "Entertainment: Board Games",
        "difficulty": "medium",
        "question": "In Yu-Gi-Oh, how does a player perform an Xyz Summon?",
        "options": [
            "Banish A Number of Monsters From Your Hand And Deck",
            "Activate a Spell and Send Monsters to the Graveyard",
            "Overlay at least 2 Monsters of the Same Level",
            "Add the Monsters' Levels Together to Match the Xyz Monster"
        ],
        "answer": "Overlay at least 2 Monsters of the Same Level"
    },
    {
        "category": "Entertainment: Board Games",
        "difficulty": "medium",
        "question": "What letter is used to refer to blue mana in the card game Magic The Gathering?",
        "options": [
            "U",
            "E",
            "L",
            "B"
        ],
        "answer": "U"
    },
    {
        "category": "Entertainment: Board Games",
        "difficulty": "medium",
        "question": "About how many Slinkys were sold in their first 60 years (from 1945 to 2005)?",
        "options": [
            "300 Million",
            "450 Million",
            "1 Billion",
            "100 Million"
        ],
        "answer": "300 Million"
    },
    {
        "category": "Entertainment: Board Games",
        "difficulty": "medium",
        "question": "In poker, \"EV\" means what?",
        "options": [
            "Equivalent Variation",
            "Equity Variation",
            "Expected Value",
            "Equity Value"
        ],
        "answer": "Expected Value"
    },
    {
        "category": "Entertainment: Board Games",
        "difficulty": "medium",
        "question": "Who was world chess champion between 1894 and 1921",
        "options": [
            "Bobby Fischer",
            "Wilhelm Steinitz",
            "Emanuel Lasker",
            "Jos\u00e9 Ra\u00fal Capablanca"
        ],
        "answer": "Emanuel Lasker"
    },
    {
        "category": "Entertainment: Board Games",
        "difficulty": "medium",
        "question": "What type is \"Magic Drain\" in Yugioh! Trading Card Game?",
        "options": [
            "Counter Trap",
            "Field Spell",
            "Quick-Play Spell",
            "Normal Trap"
        ],
        "answer": "Counter Trap"
    },
    {
        "category": "Entertainment: Board Games",
        "difficulty": "medium",
        "question": "Which of the following characters is not in the board game Clue?",
        "options": [
            "Miss Scarlet",
            "Mister Indigo",
            "Colonel Mustard",
            "Reverend Green"
        ],
        "answer": "Mister Indigo"
    },
    {
        "category": "Entertainment: Board Games",
        "difficulty": "medium",
        "question": "In what year was the card game Magic: the Gathering first introduced?",
        "options": [
            "2003",
            "1993",
            "1987",
            "1998"
        ],
        "answer": "1993"
    },
    {
        "category": "Entertainment: Board Games",
        "difficulty": "medium",
        "question": "Which of the following tabletop games is the oldest?",
        "options": [
            "Shogi",
            "Chess",
            "Go",
            "Mahjong"
        ],
        "answer": "Go"
    },
    {
        "category": "Entertainment: Board Games",
        "difficulty": "medium",
        "question": "Who is the main character in the VHS tape included in the board game Nightmare?",
        "options": [
            "The Gatekeeper",
            "The Kryptkeeper",
            "The Monster",
            "The Nightmare"
        ],
        "answer": "The Gatekeeper"
    },
    {
        "category": "Entertainment: Board Games",
        "difficulty": "medium",
        "question": "In Chess, the Queen has the combined movement of which two pieces?",
        "options": [
            "Rook and King",
            "Knight and Bishop",
            "Bishop and Rook",
            "King and Knight"
        ],
        "answer": "Bishop and Rook"
    },
    {
        "category": "Entertainment: Board Games",
        "difficulty": "medium",
        "question": "Who was the first official world chess champion?",
        "options": [
            "Jos\u00e9 Ra\u00fal Capablanca",
            "Emanuel Lasker",
            "Wilhelm Steinitz",
            "Bobby Fischer"
        ],
        "answer": "Wilhelm Steinitz"
    },
    {
        "category": "Entertainment: Board Games",
        "difficulty": "hard",
        "question": "In Magic: The Gathering, which of the following was the first publicly released foil card?",
        "options": [
            "Lightning Dragon",
            "Revenant",
            "Dirtcowl Wurm",
            "Beast of Burden"
        ],
        "answer": "Lightning Dragon"
    },
    {
        "category": "Entertainment: Board Games",
        "difficulty": "hard",
        "question": "Which board game was first released on February 6th, 1935?",
        "options": [
            "Candy Land",
            "Risk",
            "Monopoly",
            "Clue"
        ],
        "answer": "Monopoly"
    },
    {
        "category": "Entertainment: Board Games",
        "difficulty": "hard",
        "question": "On a standard Monopoly board, how much do you have to pay for Tennessee Ave?",
        "options": [
            "$180",
            "$200",
            "$220",
            "$160"
        ],
        "answer": "$180"
    },
    {
        "category": "Entertainment: Board Games",
        "difficulty": "hard",
        "question": "Which card is on the cover of the Beta rulebook of \"Magic: The Gathering\"?",
        "options": [
            "Elvish Archers",
            "Rock Hydra",
            "Island",
            "Bog Wraith"
        ],
        "answer": "Bog Wraith"
    },
    {
        "category": "Entertainment: Board Games",
        "difficulty": "hard",
        "question": "When Magic: The Gathering was first solicited, which of the following was it originally titled?",
        "options": [
            "Magic",
            "Mana Duels",
            "Magic Clash",
            "Mana Clash"
        ],
        "answer": "Mana Clash"
    },
    {
        "category": "Entertainment: Board Games",
        "difficulty": "hard",
        "question": "Some of the \"Fallen Empires\" cards from \"Magic: The Gathering\" were misprinted on the backs of which other card game?",
        "options": [
            "Pokemon",
            "Yu-Gi-Oh",
            "Dominion",
            "Wyvern"
        ],
        "answer": "Wyvern"
    },
    {
        "category": "Entertainment: Board Games",
        "difficulty": "hard",
        "question": "Which character class in Dungeons and Dragons 5th edition gains it's powers from making a pact with a being of higher power?",
        "options": [
            "Warlock",
            "Sorceror",
            "Cleric",
            "Wizard"
        ],
        "answer": "Warlock"
    },
    {
        "category": "Entertainment: Board Games",
        "difficulty": "hard",
        "question": "Which ability from the \"Magic: The Gathering\" Scars of Mirrodin expansion involves having at least three artifacts in play?",
        "options": [
            "Living Weapon",
            "Metalcraft",
            "Imprint",
            "Affinity"
        ],
        "answer": "Metalcraft"
    },
    {
        "category": "Entertainment: Board Games",
        "difficulty": "hard",
        "question": "The Dice Tower network of board game podcasts and videos is run by which individual?",
        "options": [
            "Borth Sampson",
            "Tom Vasel",
            "Uncle Pennybags",
            "Jason LeVine"
        ],
        "answer": "Tom Vasel"
    },
    {
        "category": "Entertainment: Board Games",
        "difficulty": "hard",
        "question": "In Magic: The Gathering, what term for blocking was established in the Portal set?",
        "options": [
            "Blocking",
            "Shielding",
            "Resisting",
            "Intercepting"
        ],
        "answer": "Intercepting"
    },
    {
        "category": "Entertainment: Board Games",
        "difficulty": "hard",
        "question": "Which of these cards from \"Magic: The Gathering\" has a flavor text that begins with \"Oi oi oi\"?",
        "options": [
            "Uthden Troll",
            "Lotleth Troll",
            "Albino Troll",
            "Harvester Troll"
        ],
        "answer": "Uthden Troll"
    },
    {
        "category": "Entertainment: Board Games",
        "difficulty": "hard",
        "question": "In Magic: The Gathering, what card's flavor text is \"Catch!\"?",
        "options": [
            "Ember Shot",
            "Stone-Throwing Devils",
            "Lava Axe",
            "Throwing Knife"
        ],
        "answer": "Lava Axe"
    },
    {
        "category": "Entertainment: Board Games",
        "difficulty": "hard",
        "question": "Which of these cities is NOT featured in the Pandemic board game?",
        "options": [
            "Lagos",
            "Ho Chi Minh City",
            "Karachi",
            "Berlin"
        ],
        "answer": "Berlin"
    },
    {
        "category": "Entertainment: Board Games",
        "difficulty": "hard",
        "question": "The board game \"Ra\" was designed by which designer? ",
        "options": [
            "Bruno Cathala",
            "Reiner Knizia",
            "Allison Kline",
            "Uwe Rosenburg"
        ],
        "answer": "Reiner Knizia"
    },
    {
        "category": "Entertainment: Board Games",
        "difficulty": "hard",
        "question": "What is the sum of all the tiles in a standard box of Scrabble?",
        "options": [
            "197",
            "187",
            "207",
            "177"
        ],
        "answer": "187"
    }
]