[
    {
        "category": "Vehicles",
        "difficulty": "easy",
        "question": "Which car tire manufacturer is famous for its \"Eagle\" brand of tires, and is the official tire supplier of NASCAR?",
        "options": [
            "Bridgestone",
            "Pirelli",
            "Michelin",
            "Goodyear"
        ],
        "answer": "Goodyear"
    },
    {
        "category": "Vehicles",
        "difficulty": "easy",
        "question": "Which of the following collision avoidance systems helps airplanes avoid colliding with each other?",
        "options": [
            "TCAS",
            "GPWS",
            "TAWS",
            "OCAS"
        ],
        "answer": "TCAS"
    },
    {
        "category": "Vehicles",
        "difficulty": "easy",
        "question": "The LS1 engine is how many cubic inches?",
        "options": [
            "360",
            "350",
            "346",
            "355"
        ],
        "answer": "346"
    },
    {
        "category": "Vehicles",
        "difficulty": "easy",
        "question": "Which Italian city is home of the car manufacturer 'Fiat'?",
        "options": [
            "Rome",
            "Turin",
            "Maranello",
            "Modena"
        ],
        "answer": "Turin"
    },
    {
        "category": "Vehicles",
        "difficulty": "easy",
        "question": "The LS2 engine is how many cubic inches?",
        "options": [
            "346",
            "402",
            "376",
            "364"
        ],
        "answer": "364"
    },
    {
        "category": "Vehicles",
        "difficulty": "easy",
        "question": "Which car tire manufacturer is famous for its \"P Zero\" line?",
        "options": [
            "Bridgestone",
            "Goodyear",
            "Pirelli",
            "Michelin"
        ],
        "answer": "Pirelli"
    },
    {
        "category": "Vehicles",
        "difficulty": "easy",
        "question": "Which of these companies does NOT manufacture motorcycles?",
        "options": [
            "Toyota",
            "Kawasaki",
            "Yamaha",
            "Honda"
        ],
        "answer": "Toyota"
    },
    {
        "category": "Vehicles",
        "difficulty": "easy",
        "question": "What is the name of Nissan's most popular electric car?",
        "options": [
            "Leaf",
            "Tree",
            "Deer",
            "Roots"
        ],
        "answer": "Leaf"
    },
    {
        "category": "Vehicles",
        "difficulty": "easy",
        "question": "The LS3 engine is how many cubic inches?",
        "options": [
            "346",
            "364",
            "427",
            "376"
        ],
        "answer": "376"
    },
    {
        "category": "Vehicles",
        "difficulty": "easy",
        "question": "How many wheels does a unicycle have?",
        "options": [
            "1",
            "6",
            "3",
            "4"
        ],
        "answer": "1"
    },
    {
        "category": "Vehicles",
        "difficulty": "easy",
        "question": "The Italian automaker Lamborghini uses what animal as its logo?",
        "options": [
            "Horse",
            "Snake",
            "Bat",
            "Bull"
        ],
        "answer": "Bull"
    },
    {
        "category": "Vehicles",
        "difficulty": "easy",
        "question": "Automobiles produced by Tesla Motors operate on which form of energy?",
        "options": [
            "Nuclear",
            "Electricity",
            "Gasoline",
            "Diesel"
        ],
        "answer": "Electricity"
    },
    {
        "category": "Vehicles",
        "difficulty": "easy",
        "question": "What are the cylinder-like parts that pump up and down within the engine?",
        "options": [
            "Leaf Springs",
            "Pistons",
            "ABS",
            "Radiators"
        ],
        "answer": "Pistons"
    },
    {
        "category": "Vehicles",
        "difficulty": "easy",
        "question": "What UK Train does NOT go over 125MPH?",
        "options": [
            "Class 43",
            "Pendolino",
            "Javelin",
            "Sprinter"
        ],
        "answer": "Sprinter"
    },
    {
        "category": "Vehicles",
        "difficulty": "easy",
        "question": "Which of the following car manufacturers had a war named after it?",
        "options": [
            "Volkswagen",
            "Ford",
            "Honda",
            "Toyota"
        ],
        "answer": "Toyota"
    },
    {
        "category": "Vehicles",
        "difficulty": "medium",
        "question": "Which Japanese company is the world's largest manufacturer of motorcycles?",
        "options": [
            "Kawasaki",
            "Suzuki",
            "Honda",
            "Yamaha"
        ],
        "answer": "Honda"
    },
    {
        "category": "Vehicles",
        "difficulty": "medium",
        "question": "When was Cadillac founded?",
        "options": [
            "1964",
            "1902",
            "1898",
            "1985"
        ],
        "answer": "1902"
    },
    {
        "category": "Vehicles",
        "difficulty": "medium",
        "question": "Enzo Ferrari was originally an auto racer for what manufacturer before founding his own car company?",
        "options": [
            "Auto Union",
            "Mercedes Benz",
            "Bentley",
            "Alfa Romeo"
        ],
        "answer": "Alfa Romeo"
    },
    {
        "category": "Vehicles",
        "difficulty": "medium",
        "question": "Which car manufacturer created the \"Aventador\"?",
        "options": [
            "Ferrari",
            "Pagani",
            "Lamborghini",
            "Bugatti"
        ],
        "answer": "Lamborghini"
    },
    {
        "category": "Vehicles",
        "difficulty": "medium",
        "question": "Which of these car models are produced by Lamborghini?",
        "options": [
            "918",
            "Chiron",
            "Aventador",
            "Huayra"
        ],
        "answer": "Aventador"
    },
    {
        "category": "Vehicles",
        "difficulty": "medium",
        "question": "Which animal features on the logo for Abarth, the motorsport division of Fiat?",
        "options": [
            "Snake",
            "Scorpion",
            "Horse",
            "Bull"
        ],
        "answer": "Scorpion"
    },
    {
        "category": "Vehicles",
        "difficulty": "medium",
        "question": "Which country has the international vehicle registration letter 'A'?",
        "options": [
            "Australia",
            "Austria",
            "Armenia",
            "Afghanistan"
        ],
        "answer": "Austria"
    },
    {
        "category": "Vehicles",
        "difficulty": "medium",
        "question": "The British Rail Class 700, Class 707 and the Class 717 are part of what train family?",
        "options": [
            "Desiro City",
            "Aventra",
            "Networker",
            "Electrostar"
        ],
        "answer": "Desiro City"
    },
    {
        "category": "Vehicles",
        "difficulty": "medium",
        "question": "Which of the following car models has been badge-engineered (rebadged) the most?",
        "options": [
            "Isuzu Trooper",
            "Suzuki Swift",
            "Holden Monaro",
            "Chevy Camaro"
        ],
        "answer": "Isuzu Trooper"
    },
    {
        "category": "Vehicles",
        "difficulty": "medium",
        "question": "Which of the following passenger jets is the longest?",
        "options": [
            "Boeing 787-10",
            "Airbus A330-200",
            "Boeing 747-8",
            "Airbus A350-1000"
        ],
        "answer": "Boeing 747-8"
    },
    {
        "category": "Vehicles",
        "difficulty": "medium",
        "question": "Which of the following vehicles featured a full glass roof at base model?",
        "options": [
            "Chevy Volt",
            "Renault Avantime",
            "Mercedes-Benz A-Class",
            "Honda Odyssey"
        ],
        "answer": "Renault Avantime"
    },
    {
        "category": "Vehicles",
        "difficulty": "medium",
        "question": "Which car brand does NOT belong to General Motors?",
        "options": [
            "Ford",
            "Chevrolet",
            "Cadillac",
            "Buick"
        ],
        "answer": "Ford"
    },
    {
        "category": "Vehicles",
        "difficulty": "medium",
        "question": "What manufacturer made the car used in Back to the Future?",
        "options": [
            "Ford",
            "Daihatsu",
            "DeLorean",
            "Toyota"
        ],
        "answer": "DeLorean"
    },
    {
        "category": "Vehicles",
        "difficulty": "medium",
        "question": "Which of these cars is NOT considered one of the 5 Modern Supercars by Ferrari?",
        "options": [
            "Enzo Ferrari",
            "288 GTO",
            "Testarossa",
            "F40"
        ],
        "answer": "Testarossa"
    },
    {
        "category": "Vehicles",
        "difficulty": "medium",
        "question": "Which of the following is NOT a Russian car manufacturer?",
        "options": [
            "Dragon",
            "Silant",
            "BYD",
            "GAZ"
        ],
        "answer": "BYD"
    },
    {
        "category": "Vehicles",
        "difficulty": "hard",
        "question": "How much horsepower is produced by the SD40-2 Locomotive?",
        "options": [
            "2,578",
            "2,190",
            "3,200",
            "3,000"
        ],
        "answer": "3,000"
    },
    {
        "category": "Vehicles",
        "difficulty": "hard",
        "question": "The difference between the lengths of a Boeing 777-300ER and an Airbus A350-1000 is closest to:",
        "options": [
            "0.1m",
            "1m",
            "100m",
            "10m "
        ],
        "answer": "0.1m"
    },
    {
        "category": "Vehicles",
        "difficulty": "hard",
        "question": "In 2014, over 6 million General Motors vehicles were recalled due to what critical flaw?",
        "options": [
            "Faulty brake pads",
            "Faulty ignition switch",
            "Malfunctioning gas pedal",
            "Breaking fuel lines"
        ],
        "answer": "Faulty ignition switch"
    },
    {
        "category": "Vehicles",
        "difficulty": "hard",
        "question": "What kind of train was Stepney, a train on the Bluebell Railway notable for his appearance in \"The Railway Series\"?",
        "options": [
            "LB&SCR J1",
            "LB&SCR D1",
            "LB&SCR E2",
            "LB&SCR A1X"
        ],
        "answer": "LB&SCR A1X"
    },
    {
        "category": "Vehicles",
        "difficulty": "hard",
        "question": "Which Variable Valve Timing technology is used by BMW?",
        "options": [
            "VANOS",
            "MultiAir",
            "VVT-iw",
            "VVEL"
        ],
        "answer": "VANOS"
    },
    {
        "category": "Vehicles",
        "difficulty": "hard",
        "question": "Which one of the following is NOT a sub-company of the Volkswagen Group?",
        "options": [
            "Bugatti",
            "Porsche",
            "Opel",
            "Bentley"
        ],
        "answer": "Opel"
    },
    {
        "category": "Vehicles",
        "difficulty": "hard",
        "question": "Which of the following FIA Rally cars was approved for use in the Group B class first? ",
        "options": [
            "Audi Quattro A2",
            "Lancia Rally 037",
            "BMW M1",
            "Porsche 911 Turbo"
        ],
        "answer": "Porsche 911 Turbo"
    },
    {
        "category": "Vehicles",
        "difficulty": "hard",
        "question": "Which Audi does not use Haldex based all wheel drive system?",
        "options": [
            "Audi A8",
            "Audi TT",
            "Audi S3",
            "Audi A3"
        ],
        "answer": "Audi A8"
    },
    {
        "category": "Vehicles",
        "difficulty": "hard",
        "question": "What engine is in the Lexus SC400?",
        "options": [
            "2JZ-GTE",
            "5M-GE",
            "1UZ-FE",
            "7M-GTE"
        ],
        "answer": "1UZ-FE"
    },
    {
        "category": "Vehicles",
        "difficulty": "hard",
        "question": "Which of these is NOT a car model produced by Malaysian car manufacturer Proton?",
        "options": [
            "Saga",
            "Perdana",
            "Inspira",
            "Kelisa"
        ],
        "answer": "Kelisa"
    },
    {
        "category": "Vehicles",
        "difficulty": "hard",
        "question": "What car manufacturer gave away their patent for the seat-belt in the interest of saving lives?",
        "options": [
            "Ferrari",
            "Volvo",
            "Renault",
            "Ford"
        ],
        "answer": "Volvo"
    },
    {
        "category": "Vehicles",
        "difficulty": "hard",
        "question": "What model was the sports car gifted to Yuri Gagarin by the French government in 1965?",
        "options": [
            "Porsche 911",
            "Matra Djet",
            "AC Cobra",
            "Alpine A110"
        ],
        "answer": "Matra Djet"
    },
    {
        "category": "Vehicles",
        "difficulty": "hard",
        "question": "Volkswagen's legendary VR6 engine has cylinders positioned at what degree angle?",
        "options": [
            "30 Degree",
            "15 Degree",
            "90 Degree",
            "45 Degree"
        ],
        "answer": "15 Degree"
    },
    {
        "category": "Vehicles",
        "difficulty": "hard",
        "question": "Which car is the first mass-produced hybrid vehicle?",
        "options": [
            "Honda Fit",
            "Chevrolet Volt",
            "Peugeot 308 R HYbrid",
            "Toyota Prius"
        ],
        "answer": "Toyota Prius"
    },
    {
        "category": "Vehicles",
        "difficulty": "hard",
        "question": "Which one of these chassis codes are used by BMW 3-series?",
        "options": [
            "E39",
            "E85",
            "E46",
            "F10"
        ],
        "answer": "E46"
    }
]