[
    {
        "category": "General Knowledge",
        "difficulty": "easy",
        "question": "How many syllables make up a haiku?",
        "options": [
            "17",
            "10",
            "15",
            "21"
        ],
        "answer": "17"
    },
    {
        "category": "General Knowledge",
        "difficulty": "easy",
        "question": "What does the F stand for in the FBI?",
        "options": [
            "First",
            "Formal",
            "Foreign",
            "Federal"
        ],
        "answer": "Federal"
    },
    {
        "category": "General Knowledge",
        "difficulty": "easy",
        "question": "What step in cellular respiration forms ATP?",
        "options": [
            "Pyruvate Oxidation",
            "Calvin Cycle",
            "Oxidative Phosphorylation",
            "Glycolysis"
        ],
        "answer": "Oxidative Phosphorylation"
    },
    {
        "category": "General Knowledge",
        "difficulty": "easy",
        "question": "Which restaurant's mascot is a clown?",
        "options": [
            "Sonic",
            "Whataburger",
            "Burger King",
            "McDonald's"
        ],
        "answer": "McDonald's"
    },
    {
        "category": "General Knowledge",
        "difficulty": "easy",
        "question": "How many fingers does a single human hand have?",
        "options": [
            "Five",
            "Four",
            "Eight",
            "Ten"
        ],
        "answer": "Four"
    },
    {
        "category": "General Knowledge",
        "difficulty": "easy",
        "question": "Which language is most widely spoken in Switzerland?",
        "options": [
            "German",
            "French",
            "Swiss",
            "Italian"
        ],
        "answer": "German"
    },
    {
        "category": "General Knowledge",
        "difficulty": "easy",
        "question": "What does VR stand for?",
        "options": [
            "Very Real",
            "Voice Recognition",
            "Virtual Reality",
            "Visual Recognition"
        ],
        "answer": "Virtual Reality"
    },
    {
        "category": "General Knowledge",
        "difficulty": "easy",
        "question": "Virgin Trains, Virgin Atlantic and Virgin Racing, are all companies owned by which famous entrepreneur?   ",
        "options": [
            "Donald Trump",
            "Bill Gates",
            "Alan Sugar",
            "Richard Branson"
        ],
        "answer": "Richard Branson"
    },
    {
        "category": "General Knowledge",
        "difficulty": "easy",
        "question": "What is Tasmania?",
        "options": [
            "An Australian State",
            "The Name of a Warner Brothers Cartoon Character",
            "A Psychological Disorder",
            "A flavor of Ben and Jerry's ice-cream"
        ],
        "answer": "An Australian State"
    },
    {
        "category": "General Knowledge",
        "difficulty": "easy",
        "question": "When someone is inexperienced they are said to be what color?",
        "options": [
            "Blue",
            "Red",
            "Yellow",
            "Green"
        ],
        "answer": "Green"
    },
    {
        "category": "General Knowledge",
        "difficulty": "easy",
        "question": "What is the largest living species of penguin?",
        "options": [
            "Gentoo",
            "King",
            "Emperor",
            "Adele"
        ],
        "answer": "Emperor"
    },
    {
        "category": "General Knowledge",
        "difficulty": "easy",
        "question": "When one is \"envious\", they are said to be what color?",
        "options": [
            "Blue",
            "Yellow",
            "Red",
            "Green"
        ],
        "answer": "Green"
    },
    {
        "category": "General Knowledge",
        "difficulty": "easy",
        "question": "What is the name of the main Character from the Series: Dead Space?",
        "options": [
            "Captain Kirk",
            "Ellen Ripley",
            "Commander Shepard",
            "Isaac Clarke"
        ],
        "answer": "Isaac Clarke"
    },
    {
        "category": "General Knowledge",
        "difficulty": "easy",
        "question": "What does a funambulist walk on?",
        "options": [
            "A Tight Rope",
            "Broken Glass",
            "The Moon",
            "Balls"
        ],
        "answer": "A Tight Rope"
    },
    {
        "category": "General Knowledge",
        "difficulty": "easy",
        "question": "Which of these fast-food chains is NOT mainly known to sell pizza?",
        "options": [
            "Domino's",
            "Wendy's",
            "Papa John's",
            "Little Caesars"
        ],
        "answer": "Wendy's"
    },
    {
        "category": "General Knowledge",
        "difficulty": "easy",
        "question": "Adolf Hitler was born in Australia. ",
        "options": [
            "True",
            "False"
        ],
        "answer": "False"
    },
    {
        "category": "General Knowledge",
        "difficulty": "easy",
        "question": "Did Michael Jackson invent the moonwalk?",
        "options": [
            "False",
            "True"
        ],
        "answer": "False"
    },
    {
        "category": "General Knowledge",
        "difficulty": "easy",
        "question": "When you cry in space, your tears stick to your face.",
        "options": [
            "True",
            "False"
        ],
        "answer": "True"
    },
    {
        "category": "General Knowledge",
        "difficulty": "easy",
        "question": "In 2010, Twitter and the United States Library of Congress partnered together to archive every tweet by American citizens.",
        "options": [
            "True",
            "False"
        ],
        "answer": "True"
    },
    {
        "category": "General Knowledge",
        "difficulty": "easy",
        "question": "French is an official language in Canada.",
        "options": [
            "False",
            "True"
        ],
        "answer": "True"
    },
    {
        "category": "General Knowledge",
        "difficulty": "easy",
        "question": "The Great Wall of China is visible from the moon.",
        "options": [
            "True",
            "False"
        ],
        "answer": "False"
    },
    {
        "category": "General Knowledge",
        "difficulty": "easy",
        "question": "King Gizzard & The Lizard Wizard's album \"Nonagon Infinity\" can be looped seamlessly.",
        "options": [
            "True",
            "False"
        ],
        "answer": "True"
    },
    {
        "category": "General Knowledge",
        "difficulty": "easy",
        "question": "The disease cancer in itself is not contagious.",
        "options": [
            "False",
            "True"
        ],
        "answer": "True"
    },
    {
        "category": "General Knowledge",
        "difficulty": "easy",
        "question": "Is a dog a mammal?",
        "options": [
            "True",
            "False"
        ],
        "answer": "True"
    },
    {
        "category": "General Knowledge",
        "difficulty": "easy",
        "question": "\"Ananas\" is mostly used as the word for Pineapple in other languages.",
        "options": [
            "True",
            "False"
        ],
        "answer": "True"
    },
    {
        "category": "General Knowledge",
        "difficulty": "easy",
        "question": "The Sun rises from the North.",
        "options": [
            "False",
            "True"
        ],
        "answer": "False"
    },
    {
        "category": "General Knowledge",
        "difficulty": "easy",
        "question": "On average, at least 1 person is killed by a drunk driver in the United States every hour.",
        "options": [
            "True",
            "False"
        ],
        "answer": "True"
    },
    {
        "category": "General Knowledge",
        "difficulty": "easy",
        "question": "The Lego Group was founded in 1932.",
        "options": [
            "False",
            "True"
        ],
        "answer": "True"
    },
    {
        "category": "General Knowledge",
        "difficulty": "easy",
        "question": "Bulls are attracted to the color red.",
        "options": [
            "False",
            "True"
        ],
        "answer": "False"
    },
    {
        "category": "General Knowledge",
        "difficulty": "easy",
        "question": "Romanian belongs to the Romance language family, shared with French, Spanish, Portuguese and Italian. ",
        "options": [
            "False",
            "True"
        ],
        "answer": "True"
    },
    {
        "category": "General Knowledge",
        "difficulty": "medium",
        "question": "What is a \"dakimakura\"?",
        "options": [
            "A word used to describe two people who truly love each other",
            "A yoga posture",
            "A body pillow",
            "A Chinese meal, essentially composed of fish"
        ],
        "answer": "A body pillow"
    },
    {
        "category": "General Knowledge",
        "difficulty": "medium",
        "question": "Which of the following is NOT one of Aesop's fables?",
        "options": [
            "The Tortoise and the Hare",
            "The Fox and the Hound",
            "The Fox and the Grapes",
            "The Frog and the Ox"
        ],
        "answer": "The Fox and the Hound"
    },
    {
        "category": "General Knowledge",
        "difficulty": "medium",
        "question": "Apple co-founder Steve Jobs died from complications of which form of cancer?",
        "options": [
            "Stomach",
            "Pancreatic",
            "Liver",
            "Bone"
        ],
        "answer": "Pancreatic"
    },
    {
        "category": "General Knowledge",
        "difficulty": "medium",
        "question": "In what year did Halley's Comet, which will not appear again until the year 2061, previously approach Earth?",
        "options": [
            "2001",
            "1942",
            "1986",
            "1909"
        ],
        "answer": "1986"
    },
    {
        "category": "General Knowledge",
        "difficulty": "medium",
        "question": "The lesser-known continuation of the saying \"Curiosity killed the cat...\" is:",
        "options": [
            "\"...but satisfaction brought it back.\"",
            "\"...but death by the truth is better than ignorance.\"",
            "\"...and the silent mouse remained thereat.\"",
            "\"...which taught it not to do that.\""
        ],
        "answer": "\"...but satisfaction brought it back.\""
    },
    {
        "category": "General Knowledge",
        "difficulty": "medium",
        "question": "What name represents the letter \"M\" in the NATO phonetic alphabet?",
        "options": [
            "Mark",
            "Max",
            "Matthew",
            "Mike"
        ],
        "answer": "Mike"
    },
    {
        "category": "General Knowledge",
        "difficulty": "medium",
        "question": "What is the name of the very first video uploaded to YouTube?",
        "options": [
            "tribute",
            "carrie rides a truck",
            "Her new puppy from great grandpa vern.",
            "Me at the zoo"
        ],
        "answer": "Me at the zoo"
    },
    {
        "category": "General Knowledge",
        "difficulty": "medium",
        "question": "Which item of clothing is usually worn by a Scotsman at a wedding?",
        "options": [
            "Rhobes",
            "Kilt",
            "Dress",
            "Skirt"
        ],
        "answer": "Kilt"
    },
    {
        "category": "General Knowledge",
        "difficulty": "medium",
        "question": "Computer manufacturer Compaq was acquired for $25 billion dollars in 2002 by which company?",
        "options": [
            "Hewlett-Packard",
            "Toshiba",
            "Dell",
            "Asus"
        ],
        "answer": "Hewlett-Packard"
    },
    {
        "category": "General Knowledge",
        "difficulty": "medium",
        "question": "What is the star sign of someone born on Valentines day?",
        "options": [
            "Capricorn",
            "Scorpio",
            "Aquarius",
            "Pisces"
        ],
        "answer": "Aquarius"
    },
    {
        "category": "General Knowledge",
        "difficulty": "medium",
        "question": "What is the German word for \"spoon\"?",
        "options": [
            "Gabel",
            "Messer",
            "Essst\u00e4bchen",
            "L\u00f6ffel"
        ],
        "answer": "L\u00f6ffel"
    },
    {
        "category": "General Knowledge",
        "difficulty": "medium",
        "question": "What English word means to \"think deeply\"?",
        "options": [
            "Confiscate",
            "Constipate",
            "Contemplate",
            "Condensate"
        ],
        "answer": "Contemplate"
    },
    {
        "category": "General Knowledge",
        "difficulty": "medium",
        "question": "On average, Americans consume 100 pounds of what per second?",
        "options": [
            "Potatoes",
            "Chocolate",
            "Cocaine",
            "Donuts"
        ],
        "answer": "Chocolate"
    },
    {
        "category": "General Knowledge",
        "difficulty": "medium",
        "question": "Where did the pineapple plant originate?",
        "options": [
            "Europe",
            "South America",
            "Asia",
            "Hawaii"
        ],
        "answer": "South America"
    },
    {
        "category": "General Knowledge",
        "difficulty": "medium",
        "question": "What is the Italian word for \"tomato\"?",
        "options": [
            "Cipolla",
            "Pomodoro",
            "Peperoncino",
            "Aglio"
        ],
        "answer": "Pomodoro"
    },
    {
        "category": "General Knowledge",
        "difficulty": "medium",
        "question": "Francis Bacon died from a fatal case of pneumonia while he was attempting to preserve meat by stuffing a chicken with snow.",
        "options": [
            "True",
            "False"
        ],
        "answer": "True"
    },
    {
        "category": "General Knowledge",
        "difficulty": "medium",
        "question": "Coca-Cola's original colour was green.",
        "options": [
            "False",
            "True"
        ],
        "answer": "False"
    },
    {
        "category": "General Knowledge",
        "difficulty": "medium",
        "question": "The vapor produced by e-cigarettes is actually water.",
        "options": [
            "True",
            "False"
        ],
        "answer": "False"
    },
    {
        "category": "General Knowledge",
        "difficulty": "medium",
        "question": "Fast food restaurant chains Carl's Jr. and Hardee's are owned by the same company.",
        "options": [
            "False",
            "True"
        ],
        "answer": "True"
    },
    {
        "category": "General Knowledge",
        "difficulty": "medium",
        "question": "There are 86400 seconds in a day.",
        "options": [
            "True",
            "False"
        ],
        "answer": "True"
    },
    {
        "category": "General Knowledge",
        "difficulty": "medium",
        "question": "The scientific name for the Southern Lights is Aurora Australis?",
        "options": [
            "False",
            "True"
        ],
        "answer": "True"
    },
    {
        "category": "General Knowledge",
        "difficulty": "medium",
        "question": "The pickled gherkin was first added to hamburgers because a US health law required all fast-food to include a source of Vitamin C.",
        "options": [
            "False",
            "True"
        ],
        "answer": "False"
    },
    {
        "category": "General Knowledge",
        "difficulty": "medium",
        "question": "Crystal Pepsi was first sold in US markets in 1993.",
        "options": [
            "True",
            "False"
        ],
        "answer": "False"
    },
    {
        "category": "General Knowledge",
        "difficulty": "medium",
        "question": "The term \"Spam\" came before the food product \"Spam\".",
        "options": [
            "False",
            "True"
        ],
        "answer": "False"
    },
    {
        "category": "General Knowledge",
        "difficulty": "medium",
        "question": "The word \"news\" originates from the first letters of the 4 main directions on a compass (North, East, West, South).",
        "options": [
            "True",
            "False"
        ],
        "answer": "False"
    },
    {
        "category": "General Knowledge",
        "difficulty": "medium",
        "question": "Cucumbers are usually more than 90% water.",
        "options": [
            "False",
            "True"
        ],
        "answer": "True"
    },
    {
        "category": "General Knowledge",
        "difficulty": "medium",
        "question": "The US emergency hotline is 911 because of the September 11th terrorist attacks.",
        "options": [
            "True",
            "False"
        ],
        "answer": "False"
    },
    {
        "category": "General Knowledge",
        "difficulty": "medium",
        "question": "The British organisation CAMRA stands for The Campaign for Real Ale.",
        "options": [
            "False",
            "True"
        ],
        "answer": "True"
    },
    {
        "category": "General Knowledge",
        "difficulty": "medium",
        "question": "The commercial UK channel ITV stands for \"International Television\".",
        "options": [
            "True",
            "False"
        ],
        "answer": "False"
    },
    {
        "category": "General Knowledge",
        "difficulty": "medium",
        "question": "Kissing someone for one minute burns about 2 calories.",
        "options": [
            "False",
            "True"
        ],
        "answer": "True"
    },
    {
        "category": "General Knowledge",
        "difficulty": "hard",
        "question": "Chartreuse is a color between yellow and what?",
        "options": [
            "Black",
            "Purple",
            "Red",
            "Green"
        ],
        "answer": "Green"
    },
    {
        "category": "General Knowledge",
        "difficulty": "hard",
        "question": "In \"Battle Cats\", what is Moneko / MISS Moneko's critical percentage rate?",
        "options": [
            "10%",
            "20%",
            "15%",
            "25%"
        ],
        "answer": "15%"
    },
    {
        "category": "General Knowledge",
        "difficulty": "hard",
        "question": "What is the romanized Chinese word for \"airplane\"?",
        "options": [
            "Qiche",
            "Zongxian",
            "Feiji",
            "Huojian"
        ],
        "answer": "Feiji"
    },
    {
        "category": "General Knowledge",
        "difficulty": "hard",
        "question": "What was Bank of America originally established as?",
        "options": [
            "Bank of Pennsylvania",
            "Bank of Long Island",
            "Bank of Charlotte",
            "Bank of Italy"
        ],
        "answer": "Bank of Italy"
    },
    {
        "category": "General Knowledge",
        "difficulty": "hard",
        "question": "The Swedish word \"Grunka\" means what in English?",
        "options": [
            "Place",
            "Thing",
            "People",
            "Pineapple"
        ],
        "answer": "Thing"
    },
    {
        "category": "General Knowledge",
        "difficulty": "hard",
        "question": "Originally another word for poppy, coquelicot is a shade of what?",
        "options": [
            "Green",
            "Blue",
            "Red",
            "Pink"
        ],
        "answer": "Red"
    },
    {
        "category": "General Knowledge",
        "difficulty": "hard",
        "question": "The word \"aprosexia\" means which of the following?",
        "options": [
            "The inability to stand up",
            "A feverish desire to rip one's clothes off",
            "The inability to make decisions",
            "The inability to concentrate on anything"
        ],
        "answer": "The inability to concentrate on anything"
    },
    {
        "category": "General Knowledge",
        "difficulty": "hard",
        "question": "What year was the RoboSapien toy robot released?",
        "options": [
            "2004",
            "2001",
            "2000",
            "2006"
        ],
        "answer": "2004"
    },
    {
        "category": "General Knowledge",
        "difficulty": "hard",
        "question": "In \"Resident Evil 3\", how many inventory slots does Jill have at the start of the game?",
        "options": [
            "10",
            "12",
            "6",
            "8"
        ],
        "answer": "8"
    },
    {
        "category": "General Knowledge",
        "difficulty": "hard",
        "question": "What is the weight of a Gold Bar in Fallout: New Vegas?",
        "options": [
            "35 Pounds",
            "32.50 Pounds",
            "30 Pounds",
            "40 Pounds"
        ],
        "answer": "35 Pounds"
    },
    {
        "category": "General Knowledge",
        "difficulty": "hard",
        "question": "What was the third country to have a McDonald's restaurant?",
        "options": [
            "Costa Rica",
            "Japan",
            "France",
            "Australia"
        ],
        "answer": "Costa Rica"
    },
    {
        "category": "General Knowledge",
        "difficulty": "hard",
        "question": "Where is Apple Inc. headquartered?",
        "options": [
            "Santa Monica, CA",
            "Redmond, Washington",
            "Redwood City, California",
            "Cupertino, California"
        ],
        "answer": "Cupertino, California"
    },
    {
        "category": "General Knowledge",
        "difficulty": "hard",
        "question": "Which of the following is not another name for the eggplant?",
        "options": [
            "Potimarron",
            "Melongene",
            "Brinjal",
            "Guinea Squash"
        ],
        "answer": "Potimarron"
    },
    {
        "category": "General Knowledge",
        "difficulty": "hard",
        "question": "How long did it take the motorized window washers of the original World Trade Center to clean the entire exterior of the building?",
        "options": [
            "1 Week",
            "3 Weeks",
            "1 Month",
            "2 Months"
        ],
        "answer": "1 Month"
    },
    {
        "category": "General Knowledge",
        "difficulty": "hard",
        "question": "The words \"bungalow\" and \"shampoo\" originate from the languages of which country?",
        "options": [
            "Papua New Guinea",
            "China",
            "Ethiopia",
            "India"
        ],
        "answer": "India"
    }
]