[
    {
        "category": "Celebrities",
        "difficulty": "medium",
        "question": "Who is \"James Rolfe\" better known as?",
        "options": [
            "TotalBiscuit",
            "PewDiePie",
            "The Angry Video Game Nerd",
            "PeanutButterGamer"
        ],
        "answer": "The Angry Video Game Nerd"
    },
    {
        "category": "Celebrities",
        "difficulty": "medium",
        "question": "What year did radio icon Howard Stern start a job at radio station WNBC?",
        "options": [
            "1984",
            "1985",
            "1995",
            "1982"
        ],
        "answer": "1982"
    },
    {
        "category": "Celebrities",
        "difficulty": "medium",
        "question": "What was the name of Marilyn Monroe's first husband?",
        "options": [
            "James Dougherty",
            "Arthur Miller",
            "Joe Dimaggio",
            "Kirk Douglas"
        ],
        "answer": "James Dougherty"
    },
    {
        "category": "Celebrities",
        "difficulty": "medium",
        "question": "Donald J. Trump's Middle Name is...",
        "options": [
            "John",
            "Jason",
            "Jeff",
            "Jerald"
        ],
        "answer": "John"
    },
    {
        "category": "Celebrities",
        "difficulty": "medium",
        "question": "Which actress's real name was Frances Ethel Gumm?",
        "options": [
            "Julie Andrews",
            "Judy Garland",
            "Doris Day",
            "Marilyn Monroe"
        ],
        "answer": "Judy Garland"
    },
    {
        "category": "Celebrities",
        "difficulty": "medium",
        "question": "What year was O.J. Simpson aquitted of his murder charges?",
        "options": [
            "1996",
            "1995",
            "1991",
            "1992"
        ],
        "answer": "1995"
    },
    {
        "category": "Celebrities",
        "difficulty": "medium",
        "question": "Paul McCartney has always used his middle name. What is his real first name? ",
        "options": [
            "Jack",
            "James",
            "John",
            "Justin"
        ],
        "answer": "James"
    },
    {
        "category": "Celebrities",
        "difficulty": "medium",
        "question": "What caused Jake Lloyd who played Anakin Skywalker in The Phantom Menace to quit acting?",
        "options": [
            "Criminal Record",
            "Bullying",
            "Nomination for Worst Actor",
            "Racism"
        ],
        "answer": "Bullying"
    },
    {
        "category": "Celebrities",
        "difficulty": "medium",
        "question": "Who out of these actresses is the youngest?",
        "options": [
            "Bonnie Wright",
            "Kiernan Shipka",
            "Ariel Winter",
            "Emma Watson"
        ],
        "answer": "Kiernan Shipka"
    },
    {
        "category": "Celebrities",
        "difficulty": "medium",
        "question": "When was Elvis Presley born?",
        "options": [
            "July 18, 1940",
            "April 17, 1938",
            "January 8, 1935",
            "December 13, 1931"
        ],
        "answer": "January 8, 1935"
    },
    {
        "category": "Celebrities",
        "difficulty": "medium",
        "question": "In which of these TV shows did the chef Gordon Ramsay not appear?",
        "options": [
            "Auction Hunters",
            "Hotel Hell",
            "Ramsay's Kitchen Nightmares",
            "Hell's Kitchen"
        ],
        "answer": "Auction Hunters"
    },
    {
        "category": "Celebrities",
        "difficulty": "medium",
        "question": "Which American celebrity died in 1977 playing golf in La Moraleja, Madrid?",
        "options": [
            "Elvis Presley",
            "Bing Crosby",
            "Charlie Chaplin",
            "Groucho Marx"
        ],
        "answer": "Bing Crosby"
    },
    {
        "category": "Celebrities",
        "difficulty": "medium",
        "question": "How much weight did Chris Pratt lose for his role as Star-Lord in \"Guardians of the Galaxy\"?",
        "options": [
            "70 lbs",
            "50 lbs",
            "30 lbs",
            "60 lbs"
        ],
        "answer": "60 lbs"
    },
    {
        "category": "Celebrities",
        "difficulty": "medium",
        "question": "Where was Kanye West born?",
        "options": [
            "Chicago, Illinois",
            "Atlanta, Georgia",
            "Detroit, Michigan",
            "Los Angeles, California"
        ],
        "answer": "Atlanta, Georgia"
    },
    {
        "category": "Celebrities",
        "difficulty": "medium",
        "question": "How old was Muhammad Ali when he died?",
        "options": [
            "61",
            "56",
            "He's still alive",
            "74"
        ],
        "answer": "74"
    }
]