[
    {
        "category": "Entertainment: Television",
        "difficulty": "easy",
        "question": "When Donkey Kong died in the \"Donkey Kong Country\" episode \"It's a Wonderful Life\", who was his guardian angel?",
        "options": [
            "Eddie the Mean Old Yeti",
            "Diddy Kong",
            "King K. Rool",
            "Kiddy Kong"
        ],
        "answer": "Eddie the Mean Old Yeti"
    },
    {
        "category": "Entertainment: Television",
        "difficulty": "easy",
        "question": "In \"Star Trek: Voyager\", which episode did Voyager establish real-time communication with Starfleet Headquarters?",
        "options": [
            "Message In A Bottle",
            "Pathfinder",
            "Counterpoint",
            "Someone To Watch Over Me"
        ],
        "answer": "Pathfinder"
    },
    {
        "category": "Entertainment: Television",
        "difficulty": "easy",
        "question": "Who played Agent Fox Mulder in the TV sci-fi drama \"The X-Files\"?",
        "options": [
            "Mitch Pileggi",
            "Gillian Anderson",
            "Robert Patrick",
            "David Duchovny"
        ],
        "answer": "David Duchovny"
    },
    {
        "category": "Entertainment: Television",
        "difficulty": "easy",
        "question": "British actor David Morrissey stars as which role in \"The Walking Dead\"?",
        "options": [
            "The Governor",
            "Daryl Dixon",
            "Rick Grimes",
            "Negan"
        ],
        "answer": "The Governor"
    },
    {
        "category": "Entertainment: Television",
        "difficulty": "easy",
        "question": "What TV show featured older women named Blanche, Rose, Dorothy and Sophia?",
        "options": [
            "The Wonder Years",
            "Family Ties",
            "The Golden Girls",
            "Cheers"
        ],
        "answer": "The Golden Girls"
    },
    {
        "category": "Entertainment: Television",
        "difficulty": "easy",
        "question": "In the TV show \"Cheers\", Sam Malone was a former relief pitcher for which baseball team?",
        "options": [
            "Milwaukee Brewers",
            "Boston Red Sox",
            "New York Mets",
            "Baltimore Orioles"
        ],
        "answer": "Boston Red Sox"
    },
    {
        "category": "Entertainment: Television",
        "difficulty": "easy",
        "question": "The HBO series \"Game of Thrones\" is based on which series of books?",
        "options": [
            "The Wheel of Time",
            "The Notebook",
            "Harry Potter",
            "A Song of Ice and Fire"
        ],
        "answer": "A Song of Ice and Fire"
    },
    {
        "category": "Entertainment: Television",
        "difficulty": "easy",
        "question": "In Star Trek: The Next Generation, what is the name of Data's cat?",
        "options": [
            "Kitty",
            "Tom",
            "Spot",
            "Mittens"
        ],
        "answer": "Spot"
    },
    {
        "category": "Entertainment: Television",
        "difficulty": "easy",
        "question": "What country is Cory in the House set in?",
        "options": [
            "Canada",
            "Venezuala",
            "The United States of America",
            "England"
        ],
        "answer": "The United States of America"
    },
    {
        "category": "Entertainment: Television",
        "difficulty": "easy",
        "question": "How many seasons did the Sci-Fi television show \"Stargate Atlantis\" have?",
        "options": [
            "10",
            "2",
            "7",
            "5"
        ],
        "answer": "5"
    },
    {
        "category": "Entertainment: Television",
        "difficulty": "easy",
        "question": "In the TV show \"Mad Men\", what was Donald Draper's birthname?",
        "options": [
            "Michael \"Mikey\" Wilhelm",
            "Richard \"Dick\" Whitman",
            "Donald Draper",
            "John Ashbury"
        ],
        "answer": "Richard \"Dick\" Whitman"
    },
    {
        "category": "Entertainment: Television",
        "difficulty": "easy",
        "question": "Guy's Grocery Games is hosted by which presenter?",
        "options": [
            "Guy Fieri",
            "Ainsley Harriott",
            "Guy Martin",
            "Guy Ritchie"
        ],
        "answer": "Guy Fieri"
    },
    {
        "category": "Entertainment: Television",
        "difficulty": "easy",
        "question": "Which of the following won the first season of American Idol in 2002?",
        "options": [
            "Ruben Studdard",
            "Justin Guarini",
            "Kelly Clarkson",
            "Chris Daughtry"
        ],
        "answer": "Kelly Clarkson"
    },
    {
        "category": "Entertainment: Television",
        "difficulty": "easy",
        "question": "In the Star Trek universe, what color is Vulcan blood?",
        "options": [
            "Purple",
            "Blue",
            "Green",
            "Red"
        ],
        "answer": "Green"
    },
    {
        "category": "Entertainment: Television",
        "difficulty": "easy",
        "question": "Which of these characters in \"Stranger Things\" has the power of Telekinesis?",
        "options": [
            "Karen",
            "Mike",
            "Lucas",
            "Eleven"
        ],
        "answer": "Eleven"
    },
    {
        "category": "Entertainment: Television",
        "difficulty": "medium",
        "question": "Who was the original voice actor of Shaggy Rogers in Scooby-Doo?",
        "options": [
            "Frank Welker",
            "Casey Kasem",
            "Dante Basco",
            "Billy West"
        ],
        "answer": "Casey Kasem"
    },
    {
        "category": "Entertainment: Television",
        "difficulty": "medium",
        "question": "Baron Silas Greenback is the arch nemesis of which cartoon hero?",
        "options": [
            "Danger Mouse",
            "Captain Star",
            "Bananaman",
            "SuperTed"
        ],
        "answer": "Danger Mouse"
    },
    {
        "category": "Entertainment: Television",
        "difficulty": "medium",
        "question": "In the original Doctor Who series (1963), fourth doctor Tom Baker's scarf was how long?",
        "options": [
            "10 Meters",
            "5 Meters",
            "2 Meters",
            "7 Meters"
        ],
        "answer": "7 Meters"
    },
    {
        "category": "Entertainment: Television",
        "difficulty": "medium",
        "question": "In \"Spongebob Squarepants,\" what is Mr. Krabs' full name?",
        "options": [
            "Eugene D. Krabs",
            "Eugene H. Krabs",
            "Eugene J. Krabs",
            "Eugene G. Krabs"
        ],
        "answer": "Eugene H. Krabs"
    },
    {
        "category": "Entertainment: Television",
        "difficulty": "medium",
        "question": "Which actor was not a major character in TV Show Freaks and Geeks?",
        "options": [
            "Seth Rogen",
            "Jonah Hill",
            "James Franco",
            "Jason Segel"
        ],
        "answer": "Jonah Hill"
    },
    {
        "category": "Entertainment: Television",
        "difficulty": "medium",
        "question": "What is the name of the race horse that Tony Soprano becomes attached to?",
        "options": [
            "Bada Bing",
            "Honest Earnings",
            "Man o' war",
            "Pie-O-My"
        ],
        "answer": "Pie-O-My"
    },
    {
        "category": "Entertainment: Television",
        "difficulty": "medium",
        "question": "On the NBC show Community what was Star Burns' real name?",
        "options": [
            "Todd",
            "Neal",
            "Alex",
            "Grimus"
        ],
        "answer": "Alex"
    },
    {
        "category": "Entertainment: Television",
        "difficulty": "medium",
        "question": "In the Doctor Who universe, how many times can a time lord normally regenerate?",
        "options": [
            "11",
            "13",
            "15",
            "12"
        ],
        "answer": "12"
    },
    {
        "category": "Entertainment: Television",
        "difficulty": "medium",
        "question": "What year did the television company BBC officially launch the channel BBC One?",
        "options": [
            "1948",
            "1955",
            "1936",
            "1932"
        ],
        "answer": "1936"
    },
    {
        "category": "Entertainment: Television",
        "difficulty": "medium",
        "question": "What is the setting of the show \"Parks and Recreation\"?",
        "options": [
            "Eagleton, Indiana",
            "Pawnee, Indiana",
            "Pasadena, California",
            "London, England"
        ],
        "answer": "Pawnee, Indiana"
    },
    {
        "category": "Entertainment: Television",
        "difficulty": "medium",
        "question": "Who was the star of the TV series \"24\"?",
        "options": [
            "Rob Lowe",
            "Kevin Bacon",
            "Kiefer Sutherland",
            "Hugh Laurie"
        ],
        "answer": "Kiefer Sutherland"
    },
    {
        "category": "Entertainment: Television",
        "difficulty": "medium",
        "question": "What year was Netflix founded?",
        "options": [
            "2001",
            "1999",
            "2004",
            "1997"
        ],
        "answer": "1997"
    },
    {
        "category": "Entertainment: Television",
        "difficulty": "medium",
        "question": "How long was Ken Jennings' win streak on Jeopardy?",
        "options": [
            "49",
            "88",
            "62",
            "74"
        ],
        "answer": "74"
    },
    {
        "category": "Entertainment: Television",
        "difficulty": "medium",
        "question": "What does Bart sell his soul for in The Simpsons episode 'Bart Sells His Soul'?",
        "options": [
            "$5",
            "$100",
            "A Copy of Bonestorm 2",
            "A Giant Gobstopper"
        ],
        "answer": "$5"
    },
    {
        "category": "Entertainment: Television",
        "difficulty": "medium",
        "question": "The 1985 Toyota Corolla \"AE86\" was the hero car for what anime? ",
        "options": [
            "Initial D",
            "Ex Driver",
            "Ghost MF",
            "Wangan Midnight"
        ],
        "answer": "Initial D"
    },
    {
        "category": "Entertainment: Television",
        "difficulty": "hard",
        "question": "Which race enjoys a glass of warm baghol in \"Star Trek\"?",
        "options": [
            "Vulcan",
            "Botha",
            "Human",
            "Klingon"
        ],
        "answer": "Klingon"
    },
    {
        "category": "Entertainment: Television",
        "difficulty": "hard",
        "question": "In season one of the US Kitchen Nightmares, Gordan Ramsay tried to save 10 different restaurants. How many ended up closing afterwards?",
        "options": [
            "9",
            "0",
            "6",
            "3"
        ],
        "answer": "9"
    },
    {
        "category": "Entertainment: Television",
        "difficulty": "hard",
        "question": "In \"Star Trek\", what sauce is commonly used by Klingons on bregit lung?",
        "options": [
            "Grapork sauce",
            "Grapok sauce",
            "Sweet chili sauce",
            "Gazorpazorp pudding"
        ],
        "answer": "Grapok sauce"
    },
    {
        "category": "Entertainment: Television",
        "difficulty": "hard",
        "question": "Which of these in the Star Trek series is NOT Klingon food?",
        "options": [
            "Racht",
            "Bloodwine",
            "Gagh",
            "Hors d'oeuvre"
        ],
        "answer": "Hors d'oeuvre"
    },
    {
        "category": "Entertainment: Television",
        "difficulty": "hard",
        "question": "In the TV Show \"Donkey Kong Country\", which episode did the song \"Eddie, Let Me Go Back To My Home\" play in?",
        "options": [
            "Message In A Bottle Show",
            "It's a Wonderful Life",
            "Ape-Nesia",
            "To The Moon Baboon"
        ],
        "answer": "It's a Wonderful Life"
    },
    {
        "category": "Entertainment: Television",
        "difficulty": "hard",
        "question": "In the show 'Doctor Who', what is the name of the time-capsule model stolen by 'the Doctor'?",
        "options": [
            "TT Type 40, Mark 3 (TARDIS)",
            "TT Type 1, Mark 3 (TARDIS)",
            "TT Type 40, Mark 5 (TARDIS)",
            "TT Type 1, Mark 5 (TARDIS)"
        ],
        "answer": "TT Type 40, Mark 3 (TARDIS)"
    },
    {
        "category": "Entertainment: Television",
        "difficulty": "hard",
        "question": "Who played the sun baby in the original run of Teletubbies?",
        "options": [
            "Jessica Smith",
            "Sue Monroe",
            "Pui Fan Lee",
            "Lisa Brockwell"
        ],
        "answer": "Jessica Smith"
    },
    {
        "category": "Entertainment: Television",
        "difficulty": "hard",
        "question": "Who was the winner of \"Big Brother\" Season 10?",
        "options": [
            "Chris Mundorf",
            "Bryce Kranyik",
            "Dan Gheesling",
            "Ryan Sutfin"
        ],
        "answer": "Dan Gheesling"
    },
    {
        "category": "Entertainment: Television",
        "difficulty": "hard",
        "question": "In \"Star Trek\", what is the Klingon delicacy of \"gagh\" made from?",
        "options": [
            "Serpent worms",
            "Spaghetti noodles",
            "Earthworms",
            "Klingworms"
        ],
        "answer": "Serpent worms"
    },
    {
        "category": "Entertainment: Television",
        "difficulty": "hard",
        "question": "In 2008, British celebrity chef Gordon Ramsay believes he almost died after suffering what accident in Iceland while filming?",
        "options": [
            "Slipping off a cliff, and nearly drowning in icy water",
            "Being served under-cooked chicken at his hotel",
            "A minor car accident in a snowstorm",
            "Crash landing when arriving at Keflav\u00edk airport"
        ],
        "answer": "Slipping off a cliff, and nearly drowning in icy water"
    },
    {
        "category": "Entertainment: Television",
        "difficulty": "hard",
        "question": "The theme for the popular science fiction series \"Doctor Who\" was composed by who?",
        "options": [
            "Ron Grainer",
            "Murray Gold",
            "Delia Derbyshire",
            "Peter Howell"
        ],
        "answer": "Ron Grainer"
    },
    {
        "category": "Entertainment: Television",
        "difficulty": "hard",
        "question": "In \"It's Always Sunny in Philadelphia\" what was the name of Frank's wrestling persona?",
        "options": [
            "Day Man",
            "Bird of War",
            "The Trash Man",
            "The Maniac"
        ],
        "answer": "The Trash Man"
    },
    {
        "category": "Entertainment: Television",
        "difficulty": "hard",
        "question": "Which country does the YouTuber \"SinowBeats\" originate from?",
        "options": [
            "England",
            "Sweden",
            "Germany",
            "Scotland"
        ],
        "answer": "Scotland"
    },
    {
        "category": "Entertainment: Television",
        "difficulty": "hard",
        "question": "Which of the following actors portrayed the Ninth Doctor in the British television show \"Doctor Who\"?",
        "options": [
            "Matt Smith",
            "Tom Baker",
            "Christopher Eccleston",
            "David Tennant"
        ],
        "answer": "Christopher Eccleston"
    },
    {
        "category": "Entertainment: Television",
        "difficulty": "hard",
        "question": "In \"Donkey Kong Country\", why does Donkey Kong want to know the secret of the crystal coconut?",
        "options": [
            "He's the big kahuna.",
            "To find out where all the bananas are.",
            "He wants to punish brutes.",
            "Because Diddy Kong forced him."
        ],
        "answer": "He's the big kahuna."
    }
]