[
    {
        "category": "Science & Nature",
        "difficulty": "easy",
        "question": "How many planets are in our Solar System?",
        "options": [
            "Nine",
            "Seven",
            "Eight",
            "Ten"
        ],
        "answer": "Eight"
    },
    {
        "category": "Science & Nature",
        "difficulty": "easy",
        "question": "How many moons does the Earth have?",
        "options": [
            "3",
            "2",
            "1",
            "0"
        ],
        "answer": "1"
    },
    {
        "category": "Science & Nature",
        "difficulty": "easy",
        "question": "Dry ice is the solid form of what substance?",
        "options": [
            "Oxygen",
            "Ammonia",
            "Nitrogen",
            "Carbon dioxide"
        ],
        "answer": "Carbon dioxide"
    },
    {
        "category": "Science & Nature",
        "difficulty": "easy",
        "question": "What is the standard SI unit for temperature?",
        "options": [
            "Celsius",
            "Fahrenheit",
            "Rankine",
            "Kelvin"
        ],
        "answer": "Kelvin"
    },
    {
        "category": "Science & Nature",
        "difficulty": "easy",
        "question": "Which element has the chemical symbol 'Fe'?",
        "options": [
            "Silver",
            "Gold",
            "Iron",
            "Tin"
        ],
        "answer": "Iron"
    },
    {
        "category": "Science & Nature",
        "difficulty": "easy",
        "question": "What does LASER stand for?",
        "options": [
            "Lite analysing by stereo ecorazer",
            "Life antimatter by standing entry of range",
            "Light amplification by stimulated emission of radiation",
            "Light amplifier by standby energy of radio"
        ],
        "answer": "Light amplification by stimulated emission of radiation"
    },
    {
        "category": "Science & Nature",
        "difficulty": "easy",
        "question": "Alzheimer's disease primarily affects which part of the human body?",
        "options": [
            "Skin",
            "Brain",
            "Lungs",
            "Heart"
        ],
        "answer": "Brain"
    },
    {
        "category": "Science & Nature",
        "difficulty": "easy",
        "question": "The biggest distinction between a eukaryotic cell and a prokaryotic cell is:",
        "options": [
            "The presence or absence of certain organelles",
            "The overall size",
            "The mode of reproduction",
            "The presence or absence of a nucleus"
        ],
        "answer": "The presence or absence of a nucleus"
    },
    {
        "category": "Science & Nature",
        "difficulty": "easy",
        "question": "About what percentage of the Earth's surface is water? ",
        "options": [
            "90%",
            "70%",
            "50%",
            "30%"
        ],
        "answer": "70%"
    },
    {
        "category": "Science & Nature",
        "difficulty": "easy",
        "question": "What did Gregory Mendel use to test genetic crossovers?",
        "options": [
            "Parrots",
            "Peas",
            "Flowers",
            "Cats"
        ],
        "answer": "Peas"
    },
    {
        "category": "Science & Nature",
        "difficulty": "easy",
        "question": "What produces the green colour of most plant leaves?",
        "options": [
            "Chlorophyll",
            "Natural pigments",
            "UV radiation",
            "Light refraction"
        ],
        "answer": "Chlorophyll"
    },
    {
        "category": "Science & Nature",
        "difficulty": "easy",
        "question": "Which Apollo mission was the first one to land on the Moon?",
        "options": [
            "Apollo 10",
            "Apollo 13",
            "Apollo 11",
            "Apollo 9"
        ],
        "answer": "Apollo 11"
    },
    {
        "category": "Science & Nature",
        "difficulty": "easy",
        "question": "How many bones are in the human body?",
        "options": [
            "206",
            "209",
            "200",
            "203"
        ],
        "answer": "206"
    },
    {
        "category": "Science & Nature",
        "difficulty": "easy",
        "question": "What is the primary addictive substance found in tobacco?",
        "options": [
            "Cathinone",
            "Glaucine",
            "Nicotine",
            "Ephedrine"
        ],
        "answer": "Nicotine"
    },
    {
        "category": "Science & Nature",
        "difficulty": "easy",
        "question": "The element involved in making human blood red is which of the following?",
        "options": [
            "Iridium",
            "Copper",
            "Cobalt",
            "Iron"
        ],
        "answer": "Iron"
    },
    {
        "category": "Science & Nature",
        "difficulty": "easy",
        "question": "An Astronomical Unit is the distance between Earth and the Moon.",
        "options": [
            "True",
            "False"
        ],
        "answer": "False"
    },
    {
        "category": "Science & Nature",
        "difficulty": "easy",
        "question": "Great Whites sometimes perform the bump-and-bite attack (a test bite) on victims.",
        "options": [
            "True",
            "False"
        ],
        "answer": "True"
    },
    {
        "category": "Science & Nature",
        "difficulty": "easy",
        "question": "Salt is 100% composed of Sodium.",
        "options": [
            "False",
            "True"
        ],
        "answer": "False"
    },
    {
        "category": "Science & Nature",
        "difficulty": "easy",
        "question": "The Earth and the Moon roughly have the same mass.",
        "options": [
            "False",
            "True"
        ],
        "answer": "False"
    },
    {
        "category": "Science & Nature",
        "difficulty": "easy",
        "question": "Water always boils at 100\u00b0C, 212\u00b0F, 373.15K, no matter where you are.",
        "options": [
            "True",
            "False"
        ],
        "answer": "False"
    },
    {
        "category": "Science & Nature",
        "difficulty": "easy",
        "question": "A plant that has a life cycle for more than a year is known as an annual.",
        "options": [
            "True",
            "False"
        ],
        "answer": "False"
    },
    {
        "category": "Science & Nature",
        "difficulty": "easy",
        "question": "Psychology is the science of behavior and mind.",
        "options": [
            "False",
            "True"
        ],
        "answer": "True"
    },
    {
        "category": "Science & Nature",
        "difficulty": "easy",
        "question": "An exothermic reaction is a chemical reaction that releases energy by radiating electricity.",
        "options": [
            "True",
            "False"
        ],
        "answer": "False"
    },
    {
        "category": "Science & Nature",
        "difficulty": "easy",
        "question": "The Earth revolves around the Sun in one year.",
        "options": [
            "True",
            "False"
        ],
        "answer": "True"
    },
    {
        "category": "Science & Nature",
        "difficulty": "easy",
        "question": "Upwelling in the ocean provides colder nutrient rich water for plants and decomposers.",
        "options": [
            "False",
            "True"
        ],
        "answer": "True"
    },
    {
        "category": "Science & Nature",
        "difficulty": "easy",
        "question": "Igneous rocks are formed by excessive heat and pressure.",
        "options": [
            "False",
            "True"
        ],
        "answer": "False"
    },
    {
        "category": "Science & Nature",
        "difficulty": "easy",
        "question": "All planets in the Solar System orbit the Sun.",
        "options": [
            "False",
            "True"
        ],
        "answer": "True"
    },
    {
        "category": "Science & Nature",
        "difficulty": "easy",
        "question": "The shape of the Earth is a perfect sphere.",
        "options": [
            "True",
            "False"
        ],
        "answer": "False"
    },
    {
        "category": "Science & Nature",
        "difficulty": "easy",
        "question": "The Sun is considered a star.",
        "options": [
            "False",
            "True"
        ],
        "answer": "True"
    },
    {
        "category": "Science & Nature",
        "difficulty": "easy",
        "question": "Celiac Disease is a disease that effects the heart, causing those effected to be unable to eat meat.",
        "options": [
            "False",
            "True"
        ],
        "answer": "False"
    },
    {
        "category": "Science & Nature",
        "difficulty": "medium",
        "question": "Which of the following is the male pollen-producing reproductive part of a flower?",
        "options": [
            "Pistil",
            "Stamen",
            "Petal",
            "Sepal"
        ],
        "answer": "Stamen"
    },
    {
        "category": "Science & Nature",
        "difficulty": "medium",
        "question": "What stage of development do the majority of eukaryotic cells remain in for most of their life?",
        "options": [
            "Interphase",
            "Stasis",
            "Telophase",
            "Prophase"
        ],
        "answer": "Interphase"
    },
    {
        "category": "Science & Nature",
        "difficulty": "medium",
        "question": "Which element has the atomic number of 7?",
        "options": [
            "Nitrogen",
            "Oxygen",
            "Neon",
            "Hydrogen"
        ],
        "answer": "Nitrogen"
    },
    {
        "category": "Science & Nature",
        "difficulty": "medium",
        "question": "When the Falcon Heavy was launched on it's test flight, what was the only part of the operation that failed?",
        "options": [
            "Center Core Landing",
            "Ignition and Liftoff",
            "Side Booster Landing",
            "Deployment of Starman"
        ],
        "answer": "Center Core Landing"
    },
    {
        "category": "Science & Nature",
        "difficulty": "medium",
        "question": "Where did the dog breed \"Chihuahua\" originate?",
        "options": [
            "Mexico",
            "France",
            "Russia",
            "Spain"
        ],
        "answer": "Mexico"
    },
    {
        "category": "Science & Nature",
        "difficulty": "medium",
        "question": "The moons, Miranda, Ariel, Umbriel, Titania and Oberon orbit which planet?",
        "options": [
            "Uranus",
            "Jupiter",
            "Venus",
            "Neptune"
        ],
        "answer": "Uranus"
    },
    {
        "category": "Science & Nature",
        "difficulty": "medium",
        "question": "How many officially recognized dwarf planets in the solar system are named after Polynesian deities?",
        "options": [
            "1",
            "2",
            "0",
            "5"
        ],
        "answer": "2"
    },
    {
        "category": "Science & Nature",
        "difficulty": "medium",
        "question": "At what temperature does water boil?",
        "options": [
            "181\u00b0F",
            "200\u00b0F",
            "212\u00b0F",
            "178\u00b0F"
        ],
        "answer": "212\u00b0F"
    },
    {
        "category": "Science & Nature",
        "difficulty": "medium",
        "question": "What is the atomic number of the element Strontium?",
        "options": [
            "11",
            "73",
            "38",
            "47"
        ],
        "answer": "38"
    },
    {
        "category": "Science & Nature",
        "difficulty": "medium",
        "question": "What is the name of the cognitive bias wherein a person with low ability in a particular skill mistake themselves as being superior?",
        "options": [
            "Dunning-Kruger effect",
            "Meyers-Briggs effect",
            "Freud-Hall effect",
            "M\u00fcller-Lyer effect"
        ],
        "answer": "Dunning-Kruger effect"
    },
    {
        "category": "Science & Nature",
        "difficulty": "medium",
        "question": "The human right lung has how many lobes?",
        "options": [
            "1",
            "2",
            "3",
            "4"
        ],
        "answer": "3"
    },
    {
        "category": "Science & Nature",
        "difficulty": "medium",
        "question": "What medication was once commonly used as rat poison?",
        "options": [
            "Tylenol",
            "Coumadin",
            "Aspirin",
            "Eliquis"
        ],
        "answer": "Coumadin"
    },
    {
        "category": "Science & Nature",
        "difficulty": "medium",
        "question": "What is the molecular formula of the active component of chili peppers(Capsaicin)?",
        "options": [
            "C6H4Cl2",
            "C18H27NO3",
            "C21H23NO3",
            "C13H25NO4"
        ],
        "answer": "C18H27NO3"
    },
    {
        "category": "Science & Nature",
        "difficulty": "medium",
        "question": "What is the chemical formula for ammonia?",
        "options": [
            "CH4",
            "CO2",
            "NO3",
            "NH3"
        ],
        "answer": "NH3"
    },
    {
        "category": "Science & Nature",
        "difficulty": "medium",
        "question": "What is the Linnean name of the domestic apple tree?",
        "options": [
            "Malus americana",
            "Malus pumila",
            "Appelus delectica",
            "Pomus domestica"
        ],
        "answer": "Malus pumila"
    },
    {
        "category": "Science & Nature",
        "difficulty": "medium",
        "question": "Sugar contains fat.",
        "options": [
            "False",
            "True"
        ],
        "answer": "False"
    },
    {
        "category": "Science & Nature",
        "difficulty": "medium",
        "question": "A defibrillator is used to start up a heartbeat once a heart has stopped beating.",
        "options": [
            "True",
            "False"
        ],
        "answer": "False"
    },
    {
        "category": "Science & Nature",
        "difficulty": "medium",
        "question": "The planet Mars has two moons orbiting it.",
        "options": [
            "True",
            "False"
        ],
        "answer": "True"
    },
    {
        "category": "Science & Nature",
        "difficulty": "medium",
        "question": "The Doppler effect applies to light.",
        "options": [
            "True",
            "False"
        ],
        "answer": "True"
    },
    {
        "category": "Science & Nature",
        "difficulty": "medium",
        "question": "\"Tachycardia\" or \"Tachyarrhythmia\" refers to a resting heart-rate near or over 100 BPM.",
        "options": [
            "False",
            "True"
        ],
        "answer": "True"
    },
    {
        "category": "Science & Nature",
        "difficulty": "medium",
        "question": "Anatomy considers the forms of macroscopic structures such as organs and organ systems.",
        "options": [
            "True",
            "False"
        ],
        "answer": "True"
    },
    {
        "category": "Science & Nature",
        "difficulty": "medium",
        "question": "The most frequent subconscious activity repeated by the human body is blinking.",
        "options": [
            "True",
            "False"
        ],
        "answer": "False"
    },
    {
        "category": "Science & Nature",
        "difficulty": "medium",
        "question": "Type 1 diabetes is a result of the liver working improperly.",
        "options": [
            "False",
            "True"
        ],
        "answer": "False"
    },
    {
        "category": "Science & Nature",
        "difficulty": "medium",
        "question": "Sound can travel through a vacuum.",
        "options": [
            "False",
            "True"
        ],
        "answer": "False"
    },
    {
        "category": "Science & Nature",
        "difficulty": "medium",
        "question": "A person can get sunburned on a cloudy day.",
        "options": [
            "False",
            "True"
        ],
        "answer": "True"
    },
    {
        "category": "Science & Nature",
        "difficulty": "medium",
        "question": "Hippopotomonstrosesquippedaliophobia is the irrational fear of long words.",
        "options": [
            "False",
            "True"
        ],
        "answer": "True"
    },
    {
        "category": "Science & Nature",
        "difficulty": "medium",
        "question": "El Ni\u00f1o pushes warm water to the coasts of the Western Pacific during winter.",
        "options": [
            "False",
            "True"
        ],
        "answer": "True"
    },
    {
        "category": "Science & Nature",
        "difficulty": "medium",
        "question": "Steel is an alloy of Iron and Carbon.",
        "options": [
            "False",
            "True"
        ],
        "answer": "True"
    },
    {
        "category": "Science & Nature",
        "difficulty": "medium",
        "question": "Male pandas do handstands while urinating on trees. ",
        "options": [
            "False",
            "True"
        ],
        "answer": "True"
    },
    {
        "category": "Science & Nature",
        "difficulty": "medium",
        "question": "Scientists accidentally killed the once known world's oldest living creature, a mollusc, known to be aged as 507 years old.",
        "options": [
            "True",
            "False"
        ],
        "answer": "True"
    },
    {
        "category": "Science & Nature",
        "difficulty": "hard",
        "question": "Muscle fiber is constructed of bundles small long organelles called what?",
        "options": [
            "Myofiaments",
            "Myofibrils",
            "Myocardium",
            "Epimysium"
        ],
        "answer": "Myofibrils"
    },
    {
        "category": "Science & Nature",
        "difficulty": "hard",
        "question": "What is the most potent toxin known?",
        "options": [
            "Asbestos",
            "Cyanide",
            "Ricin",
            "Botulinum toxin"
        ],
        "answer": "Botulinum toxin"
    },
    {
        "category": "Science & Nature",
        "difficulty": "hard",
        "question": "What is the name for the auditory illusion of a note that seems to be rising infinitely?",
        "options": [
            "Fransen Effect",
            "Glissandro Illusion",
            "Shepard Tone",
            "McGurck Effect"
        ],
        "answer": "Shepard Tone"
    },
    {
        "category": "Science & Nature",
        "difficulty": "hard",
        "question": "In quantum physics, which of these theorised sub-atomic particles has yet to be observed?",
        "options": [
            "Tau neutrino",
            "Gluon",
            "Z boson",
            "Graviton"
        ],
        "answer": "Graviton"
    },
    {
        "category": "Science & Nature",
        "difficulty": "hard",
        "question": "How much radiation does a banana emit?",
        "options": [
            "0.7 Microsievert",
            "0.3 Microsievert",
            "0.1 Microsievert",
            "0.5 Microsievert"
        ],
        "answer": "0.1 Microsievert"
    },
    {
        "category": "Science & Nature",
        "difficulty": "hard",
        "question": "Which of the following is a major muscle of the back?",
        "options": [
            "Triquetrum",
            "Trapezius",
            "Trapezium",
            "Trapezoid"
        ],
        "answer": "Trapezius"
    },
    {
        "category": "Science & Nature",
        "difficulty": "hard",
        "question": "Which of these chemical compounds is NOT found in gastric acid?",
        "options": [
            "Hydrochloric acid",
            "Sulfuric acid",
            "Sodium chloride",
            "Potassium chloride"
        ],
        "answer": "Sulfuric acid"
    },
    {
        "category": "Science & Nature",
        "difficulty": "hard",
        "question": "What common name is given to the medial condition, tibial stress syndrome (MTSS)?",
        "options": [
            "Tennis Elbow",
            "Housemaid's Knee",
            "Shin Splints",
            "Carpal Tunnel"
        ],
        "answer": "Shin Splints"
    },
    {
        "category": "Science & Nature",
        "difficulty": "hard",
        "question": "All of the following human genetic haplogroup names are shared between Y-chromosome and mitochondrial DNA haplogroups EXCEPT:",
        "options": [
            "Haplogroup U",
            "Haplogroup L",
            "Haplogroup T",
            "Haplogroup J"
        ],
        "answer": "Haplogroup U"
    },
    {
        "category": "Science & Nature",
        "difficulty": "hard",
        "question": "What is the scientific name for the extinct hominin known as \"Lucy\"?",
        "options": [
            "Australopithecus Antaris",
            "Australopithecus Architeuthis",
            "Australopithecus Afarensis",
            "Australopithecus Africanus"
        ],
        "answer": "Australopithecus Afarensis"
    },
    {
        "category": "Science & Nature",
        "difficulty": "hard",
        "question": "The 'Islets of Langerhans' is found in which human organ?",
        "options": [
            "Pancreas",
            "Liver",
            "Brain",
            "Kidney"
        ],
        "answer": "Pancreas"
    },
    {
        "category": "Science & Nature",
        "difficulty": "hard",
        "question": "Autosomal-dominant Compelling Helio-Ophthalmic Outburst syndrome is the need to do what when seeing the Sun?",
        "options": [
            "Yawn",
            "Hiccup",
            "Sneeze",
            "Cough"
        ],
        "answer": "Sneeze"
    },
    {
        "category": "Science & Nature",
        "difficulty": "hard",
        "question": "What nucleotide pairs with guanine?",
        "options": [
            "Uracil",
            "Adenine",
            "Cytosine",
            "Thymine"
        ],
        "answer": "Cytosine"
    },
    {
        "category": "Science & Nature",
        "difficulty": "hard",
        "question": "The Western Lowland Gorilla is scientifically know as?",
        "options": [
            "Gorilla Beringei Graueri",
            "Gorilla Gorilla Diehli",
            "Gorilla Beringei Beringei",
            "Gorilla Gorilla Gorilla"
        ],
        "answer": "Gorilla Gorilla Gorilla"
    },
    {
        "category": "Science & Nature",
        "difficulty": "hard",
        "question": "What is \"Stenoma\"?",
        "options": [
            "A type of seasoning",
            "A port city in the carribean",
            "A genus of moths",
            "A combat stimulant from WW2"
        ],
        "answer": "A genus of moths"
    }
]